0.06677341	0.014605408	-0.076389	-0.076437704	0.09563501	-0.09512501	-0.039023377	-0.034696113	0.09194754	0.03847996	-0.2662612	-0.072768666	0.10928084	0.021834424	-0.013720998	0.12909652
0.015891079	0.025104979	-0.03747985	-0.0261365	0.056322876	0.04607865	-0.060200088	-0.08130675	0.1329264	0.09038607	-0.2585073	0.019865392	0.09525272	0.054154214	0.0328862	0.08405692
-0.23514448	-0.25850213	0.14144546	0.18534815	0.26987246	0.09434291	-0.2720504	0.18352468	0.20173855	-0.20698722	-0.14664821	0.19711405	0.29367915	-0.24336068	-0.12699	-0.18329401
-0.04272799	-0.045814514	-0.011938528	-0.043680653	0.14059435	-0.07134778	-0.08305783	0.01601515	0.12529846	0.060070183	-0.21911153	-0.0108899195	0.16267793	-0.027576713	-0.051852066	0.0024211197
0.095486276	0.09112363	-0.100743145	-0.06873632	0.052162524	-0.008421021	0.04406329	-0.10542499	0.073321134	0.12744215	-0.34953117	-0.07997416	0.011819857	0.08599684	-0.004597109	0.12627038
0.058748923	0.05491096	-0.10323264	-0.09759479	0.009693509	0.063420735	-0.024332546	-0.07566044	0.06266186	0.02039364	-0.24241437	-0.0036250115	0.041011706	0.09531789	0.061142996	0.055552736
-0.14114349	-0.17876768	0.06538252	0.10300597	0.17203422	0.035978798	-0.23447514	0.0501341	0.17102763	-0.14745727	-0.09597641	0.07973861	0.17268986	-0.1580905	-0.14124194	-0.13875838
0.11461694	0.12004652	-0.094007984	-0.06770145	0.029320914	0.0127194645	0.03160531	-0.043984123	0.0520062	0.0981466	-0.25976726	-0.07969247	-0.0025908274	0.07975933	0.01600517	0.090296455
0.03168673	0.05152615	-0.050576545	-0.016996792	0.01377073	0.047929104	-0.02262906	-0.07483615	0.03416261	0.091975585	-0.23376888	-0.0601807	-0.02042174	0.09379027	0.017536217	0.06790344
0.10464291	0.080949895	-0.115359955	-0.15185386	0.03115392	0.033448458	0.023492774	-0.12911114	-0.028971482	0.1509505	-0.22522084	-0.13034874	-0.035248093	0.0968206	0.06612548	0.13161755
0.020236263	0.0658796	-0.062867045	-0.09035937	0.04100391	-0.093299635	-0.066351235	-0.008869273	0.058547817	0.060458004	-0.2542356	0.014618632	0.11907301	0.025308067	-0.07419726	0.021582332
-0.040475547	-0.09782826	0.025034124	0.032384053	0.15775424	-0.0724279	-0.12124915	0.023682004	0.09152202	-0.03126853	-0.021967415	0.07922239	0.16293585	-0.078677505	-0.07918056	-0.0760407
0.08791212	-0.015529146	-0.0851718	-0.07712221	0.012905337	-0.004496296	-0.094175234	-0.013688818	0.0706142	0.04086114	-0.18325646	-0.012226779	0.114189036	0.028546214	0.015282671	0.08357221
0.9116001	0.9231912	-0.84697896	-0.8163283	-0.59432715	0.51869124	0.8348751	-0.79635453	-0.68483454	0.803152	-0.7508597	-0.6996914	-0.7322197	0.864402	0.701851	0.878418
0.03775139	0.012694486	-0.05367734	0.0105325105	0.021954281	0.109471664	0.0064518917	-0.06368516	0.00012350055	-0.0038100744	-0.1675807	-0.012433199	-0.009040462	0.03343995	0.040070496	0.04786908
0.041892473	0.08870026	-0.10144029	-0.018455682	0.07375738	0.015779302	0.04350357	-0.066770494	0.07322581	0.12699369	-0.22249283	-0.012236448	0.048641756	0.035055652	-0.01237443	0.12169881
-0.13233165	-0.14155838	0.14192538	0.20082265	0.13028234	0.04558478	-0.21534438	0.106062345	0.15588602	-0.16985972	-0.009219299	0.117264435	0.19530225	-0.20527047	-0.09840297	-0.19102263
-0.16567244	-0.19450004	0.12033317	0.1782965	0.17479154	-0.09785971	-0.19015698	0.15327746	0.1691653	-0.17111848	0.0526909	0.07854788	0.1583559	-0.12533586	-0.123281345	-0.103296235
-1.1840577	-1.1741462	1.0776441	1.1340846	0.9571971	-0.8698621	-1.1387935	1.0617299	0.9087628	-1.1151791	0.78768784	0.9149143	1.001777	-1.0534773	-1.0104241	-1.136666
-0.8459602	-0.78130645	0.73586845	0.7230676	0.6584354	-0.5316147	-0.8102731	0.72096753	0.6264084	-0.67626595	0.46274894	0.58480066	0.7758377	-0.7069335	-0.6560877	-0.7158493
-0.0033295369	-0.08114694	0.015216995	-0.017814074	0.04260319	-0.006124282	-0.107308954	-0.020707007	0.07661619	-0.021106888	-0.13337277	0.0028953794	0.05647278	0.0010375128	-0.037237264	-0.021201653
0.12926497	0.1762889	-0.16367857	-0.18713503	-0.020240089	0.017846137	0.07411168	-0.115973406	-0.07848721	0.18536463	-0.23759972	-0.1598595	-0.07928139	0.15286739	0.085625716	0.15353964
-0.14503264	-0.14784747	0.08929321	0.08774078	0.16143979	-0.040837184	-0.12018043	0.14554465	0.12874563	-0.07354039	-0.08737575	0.059420288	0.1709348	-0.10276643	-0.1065713	-0.14677535
-0.12313845	-0.11466126	0.0864263	0.06320791	0.12206816	-0.20941404	-0.1858309	0.09070705	0.12864895	-0.120745525	0.087455995	0.13375464	0.12770274	-0.1036155	-0.14217795	-0.09550892
-0.14695773	-0.11775576	0.073603794	0.038031	0.07803791	-0.07536843	-0.11220548	0.10284733	0.12034366	-0.11967192	-0.031016968	0.04717043	0.1864099	-0.041993655	-0.11566864	-0.07770277
-0.17663465	-0.24913988	0.20396328	0.15726507	0.12446701	-0.11366864	-0.15777303	0.12257378	0.20864291	-0.14043	0.18335453	0.20114474	0.15977179	-0.14162467	-0.20651725	-0.21765868
0.0054030325	-0.077736326	-0.0061729965	-0.01186788	0.10239467	-0.036542963	-0.09863198	0.029574446	0.060458392	-0.055928104	-0.081333786	-0.009687278	0.13690026	0.019179288	-0.080167435	-0.04647092
-0.12167852	-0.18517621	0.11469707	0.15252423	0.11943015	-0.08304309	-0.18941091	0.12777078	0.11783313	-0.09247766	0.021980086	0.1342312	0.14752406	-0.12580104	-0.10625676	-0.16107221
0.051678717	0.08517471	-0.046138283	-0.0695671	-0.0065786405	0.15676923	-0.022084419	-0.082737766	-0.026008632	0.08079802	-0.18169051	-0.10316441	0.0120865535	0.074442685	0.03192086	0.031139169
0.15944806	0.05875882	-0.098460235	-0.08875247	-0.05879457	0.10228063	0.032326825	-0.08213826	-0.058074135	0.12003111	-0.21194856	-0.0665607	-0.06639493	0.054489084	0.11389504	0.104224995
-0.025367878	-0.013105881	0.012754832	-0.040575407	0.054933526	-0.12895387	0.006568366	0.057627134	0.07526732	-0.015436547	-0.00018948027	0.053921744	0.058885153	0.006188049	-0.0668591	-0.016116476
0.28923327	0.18130247	-0.18901016	-0.21709749	-0.10276233	0.13522887	0.2148948	-0.262205	-0.1194324	0.18171966	-0.309738	-0.19540134	-0.17413473	0.23194474	0.19908057	0.242653
-0.188527	-0.1827634	0.19897455	0.21542989	0.17290582	-0.14175333	-0.2615845	0.19527835	0.21827042	-0.21670698	0.015908597	0.14267825	0.23347786	-0.22483452	-0.20643996	-0.18714587
-0.25630143	-0.2777734	0.21808067	0.2165231	0.22117893	-0.17710397	-0.2449912	0.17655656	0.1866962	-0.17585588	0.08587833	0.20590344	0.23945716	-0.17847995	-0.18293	-0.19561847
-0.24177277	-0.25464025	0.26797408	0.29032502	0.26820832	-0.33233964	-0.2643016	0.23209737	0.24919468	-0.20492561	0.15110305	0.2046218	0.29770017	-0.26183885	-0.30511454	-0.26592398
-0.034846105	-0.14625885	0.04018689	0.13968545	0.12810324	-0.08797451	-0.12556356	0.117609635	0.10451048	-0.07518694	-0.074022904	0.105515204	0.13001935	-0.07363219	-0.0876997	-0.08702745
-0.1140463	-0.15687537	0.052808404	0.1358728	0.19873689	-0.13378777	-0.18887056	0.15119869	0.20634446	-0.06483946	-0.018580448	0.0735766	0.19774087	-0.06490088	-0.17627716	-0.08883204
0.03754068	0.03400266	-0.09151784	-0.09668952	-0.0075291563	0.14005646	-0.010090637	-0.049057815	-0.04035774	0.060873155	-0.13519117	-0.08584597	-0.029760404	0.06656914	0.08037994	0.01811362
-0.060910176	-0.070166364	0.06498473	0.09711803	0.06269169	-0.16478635	-0.14787965	0.06475463	0.13472456	-0.05384336	0.04628128	0.08184007	0.10789382	-0.07312125	-0.057000425	-0.084937625
0.37085897	0.34624922	-0.36441588	-0.30757454	-0.24666372	0.27773815	0.3054438	-0.27975002	-0.29770622	0.34652832	-0.32757062	-0.28810924	-0.30170715	0.3689112	0.3351053	0.38983825
0.028507562	0.053411573	-0.11015509	-0.043648917	-0.052862175	0.013924769	0.07226913	-0.06485815	-0.0217705	0.08670421	-0.18389314	-0.044631824	0.012881193	0.0856993	0.049476594	0.041194845
-0.5020864	-0.5582828	0.48919994	0.48368993	0.4383048	-0.27652588	-0.47026062	0.4853478	0.39753032	-0.43746597	0.29576042	0.42325306	0.511473	-0.53460485	-0.45334047	-0.54444593
-0.121735334	-0.11988602	0.066332296	0.050103392	0.13333783	0.019515194	-0.13881683	0.048347022	0.07157577	-0.093310766	0.0054309163	0.06281435	0.114463784	-0.025229167	-0.09688352	-0.06353242
-0.054311685	-0.124324836	0.069975674	0.059880678	0.14510246	-0.18451194	-0.13464986	0.032823667	0.16248906	-0.05557748	-0.09074682	0.04177757	0.08135343	-0.004370885	-0.12821425	-0.025288638
0.037381236	0.0069624386	-0.056897845	-0.066806965	0.057828315	-0.056517404	0.035161104	-0.053764816	0.08513664	0.09367219	-0.11349343	-0.00827797	0.0057737688	0.06775437	-0.039579198	0.08850469
0.25227904	0.26640314	-0.21172954	-0.25299203	-0.15876634	0.0885042	0.23351918	-0.17909539	-0.12227414	0.23587951	-0.27397594	-0.23388682	-0.12680294	0.24858171	0.20554446	0.3100635
-0.071895964	-0.025457848	0.02898671	0.019405745	0.03334818	0.105022945	-0.026598273	0.046760965	-0.0020163048	-0.06275148	-0.04596254	0.012046145	0.1067041	-0.009793068	-0.012758217	-0.059648003
-1.0862674	-1.0945075	1.0061234	0.9880212	0.83848715	-0.8657409	-1.0401744	0.89756835	0.8283633	-1.0179514	0.7078156	0.82079804	0.9073273	-0.9364408	-0.90369165	-0.9856351
0.17689621	0.20251302	-0.22468717	-0.2218495	-0.14907928	0.15708373	0.1918815	-0.1619203	-0.1420112	0.16761512	-0.25008324	-0.20611067	-0.15818243	0.16823825	0.16098711	0.14767577
-0.13150185	-0.20700863	0.16314438	0.1908794	0.17418405	-0.00093885954	-0.16683677	0.1878747	0.12931848	-0.14086619	0.07020208	0.17145766	0.120690756	-0.1692742	-0.13596274	-0.20936646
0.61197406	0.62919044	-0.54312074	-0.55138415	-0.44580853	0.3608982	0.524224	-0.51087594	-0.35308602	0.52869904	-0.5997661	-0.44642082	-0.42750424	0.5423458	0.41308594	0.55608726
-0.12004162	-0.1669374	0.1699058	0.16609278	0.1286344	-0.08264478	-0.16659613	0.10864508	0.18320377	-0.10907365	-0.0025485293	0.08813808	0.14673516	-0.17167036	-0.122558005	-0.1744959
-0.07364679	-0.0980215	0.021054601	0.075909644	0.07852293	-0.14134224	-0.13506602	0.02486256	0.1506948	-0.085400015	-0.016478378	0.06379291	0.08293697	-0.019312793	-0.06690241	-0.09506593
0.1770511	0.16805677	-0.14927405	-0.17891894	-0.1129875	0.18270864	0.13566875	-0.16910957	-0.13616192	0.22416162	-0.19483098	-0.15694244	-0.20127146	0.14346391	0.20488241	0.20296735
-0.8867752	-0.82653236	0.7483077	0.8804683	0.69779265	-0.6720524	-0.7591164	0.7945715	0.6883361	-0.77365655	0.63812447	0.7240269	0.73471916	-0.8500204	-0.7854969	-0.77388275
-0.032461915	-0.065614566	-0.00053815945	0.01474841	0.005709733	-0.095984705	-0.08494458	0.021175046	0.082138315	-0.0073294723	-0.064787135	0.012804666	0.03704599	-0.034946978	-0.023984186	0.009741158
0.11231175	0.068383396	-0.033176463	-0.06560778	-0.009799836	-0.021764865	0.039101604	-0.05470491	-0.01293278	0.047217473	-0.111332215	-0.011286826	0.032192748	0.057426374	0.03418998	0.03313548
-0.08178721	-0.060906608	0.07334604	0.06327792	0.12218745	0.092315376	-0.12143976	0.06384421	0.029498259	-0.07832302	-0.04670283	0.08350991	0.09054648	-0.05084278	0.016741386	-0.05873996
-0.27873468	-0.2970292	0.26609543	0.29998827	0.24042116	-0.2762736	-0.2758731	0.21639498	0.24854183	-0.24828142	0.154331	0.25735065	0.29184136	-0.26600617	-0.24501193	-0.25972533
0.081178054	0.12409247	-0.049960412	-0.11825301	-0.09315925	0.054234363	0.025017457	-0.07331451	-0.044034682	0.10484984	-0.17009039	-0.02415231	-0.07016219	0.04676464	0.048566487	0.068135425
0.14214109	0.11777806	-0.06861801	-0.062507056	-0.09470913	0.12995812	0.07791385	-0.04635806	-0.039357826	0.10337192	-0.14753848	-0.07539114	-0.011899828	0.04059987	0.0714261	0.015697515
0.06454338	0.05500182	-0.14454073	-0.06813541	-0.001937495	-0.02511534	0.03844083	-0.0294094	0.058178872	0.058512323	-0.15123568	-0.11090639	0.01659543	0.053595293	0.045866452	0.1428225
0.25212672	0.20605572	-0.16445792	-0.23047718	-0.28651288	0.10995594	0.21951383	-0.166897	-0.24996686	0.19710173	-0.0247969	-0.19811328	-0.28639945	0.18342368	0.15766805	0.17792791
0.34823862	0.3173242	-0.35340983	-0.37596533	-0.2502799	0.3729198	0.24176554	-0.3089424	-0.22335272	0.34466165	-0.40356332	-0.32054782	-0.26369953	0.29398382	0.2749692	0.32648134
0.17818955	0.22635798	-0.2032543	-0.17531522	-0.13213705	0.0064131985	0.18949203	-0.17671753	-0.07699411	0.17851654	-0.19983342	-0.11634566	-0.097259305	0.13861184	0.09383283	0.23226248
-0.15264261	-0.15344496	0.11762791	0.16415161	0.23602296	-0.08673524	-0.19981591	0.1630807	0.18032773	-0.20159206	0.05597278	0.1327117	0.1619766	-0.15210384	-0.1983067	-0.12795678
0.35006234	0.3321597	-0.36198226	-0.3977554	-0.21505222	0.19283989	0.31727937	-0.36457947	-0.22725366	0.31757045	-0.35007668	-0.33512568	-0.24761553	0.38625515	0.24511483	0.39700615
0.4566386	0.47670338	-0.4633713	-0.4199075	-0.33460632	0.2767647	0.45747504	-0.40366584	-0.3176695	0.4538445	-0.44146773	-0.42288873	-0.36649445	0.4225396	0.36133555	0.4270901
0.3366375	0.22935092	-0.27146825	-0.21050262	-0.1151324	0.1329798	0.17758767	-0.22501966	-0.12996097	0.25142762	-0.2921167	-0.23642935	-0.17231292	0.2558239	0.20984253	0.28728962
-0.5476767	-0.48147365	0.42327073	0.49255636	0.48938113	-0.454664	-0.5184162	0.44070765	0.4275149	-0.5086289	0.31131768	0.37503597	0.4653406	-0.48207626	-0.47711617	-0.4563548
-0.21684669	-0.23886655	0.2082597	0.18621217	0.24307717	-0.11988049	-0.27840564	0.20992927	0.21704447	-0.20739916	0.113305986	0.14655195	0.2615454	-0.15971927	-0.20270851	-0.18102026
0.055036098	0.043299433	-0.04983455	-0.07885064	0.017354852	-0.10818572	0.005120702	0.018961243	-0.016371977	0.047613416	-0.045182772	-0.05514004	0.0049530882	0.02867993	-0.039145548	0.09182873
-0.9815524	-0.93353844	0.87369084	0.94331545	0.79757327	-0.6446281	-0.87226665	0.7656764	0.78358376	-0.8032392	0.50052047	0.72203696	0.78930825	-0.8041345	-0.8087455	-0.8840474
0.117025875	0.15138854	-0.10527363	-0.09541949	-0.05432728	0.061203644	0.11671015	-0.11752834	-0.050277323	0.11362436	-0.20348999	-0.05900616	-0.12582792	0.13786931	0.064967416	0.1797266
0.13595171	0.1131364	-0.12219043	-0.04307916	-0.05583568	0.023708694	0.07488256	-0.055271074	-0.03157821	0.054535344	-0.15096028	-0.08598845	0.01950712	0.054727167	0.10219539	0.063146845
-0.906263	-0.89827305	0.7704019	0.8848539	0.73858374	-0.62031704	-0.8092631	0.7880538	0.7009944	-0.8021696	0.5748257	0.6920917	0.7484779	-0.8294287	-0.70858943	-0.88300246
0.09672511	0.022039892	-0.10267302	-0.0095888795	-0.031807654	-0.03913013	0.004349684	-0.02907342	0.035104293	0.009327824	-0.13430195	-0.039077457	-0.025375772	0.07726539	0.0012853427	0.03999017
0.23945208	0.18302006	-0.19401523	-0.14483784	-0.07816193	0.045053132	0.16041908	-0.12042518	-0.041000653	0.1715705	-0.2556413	-0.11795224	-0.08723435	0.23878033	0.14205891	0.16773665
0.4569565	0.40582272	-0.35599178	-0.3677863	-0.29195288	0.2438497	0.35750884	-0.36301568	-0.23683432	0.39564362	-0.3846137	-0.37028205	-0.32992163	0.3572755	0.34552434	0.39474183
-0.59016484	-0.5304841	0.52891797	0.5293916	0.4160591	-0.34802836	-0.49505034	0.47907937	0.47468087	-0.5185648	0.39893344	0.4288104	0.48624378	-0.4796116	-0.41512623	-0.54258126
0.12376591	0.12512764	-0.19896187	-0.1593225	-0.055068314	0.101372935	0.11532561	-0.11606121	-0.08281223	0.1402698	-0.241024	-0.102206685	-0.11623847	0.14567591	0.07452726	0.14174542
-0.15773228	-0.1456104	0.13266534	0.20308523	0.180872	-0.08719094	-0.19555718	0.11930788	0.19023106	-0.21077183	0.1227739	0.15093645	0.21736881	-0.18746836	-0.17089123	-0.18225808
0.2527635	0.2777682	-0.29239395	-0.28421968	-0.1313571	0.005774531	0.19781111	-0.2605611	-0.09669291	0.2446202	-0.2666672	-0.22798142	-0.11958314	0.25255594	0.12760615	0.25702313
0.041074064	-0.06019707	0.045350704	-0.013529868	0.08255186	-0.084616564	0.011550771	0.0023591488	0.06662584	-0.030277656	-0.014976133	-0.017910989	0.05115545	0.028134199	-0.06267448	0.03447818
0.015102317	0.019497802	-0.04085619	-0.039173175	0.03810874	-0.041199453	0.029150018	0.030398948	0.082063384	0.0016195737	-0.11812467	0.012301242	0.049957596	-0.015567743	-0.014044799	0.01579764
0.6047273	0.5703448	-0.4894465	-0.5812272	-0.35907117	0.29665762	0.49309522	-0.5118623	-0.35485604	0.5247375	-0.55345184	-0.4103196	-0.44212636	0.48124358	0.47211057	0.55008394
0.27252835	0.22385757	-0.29530242	-0.23883076	-0.18860924	0.2322184	0.25176048	-0.28817487	-0.17566372	0.27502802	-0.27708304	-0.2621051	-0.20287481	0.26044244	0.23949987	0.2316576
-0.9531535	-1.0199668	0.93379873	0.99625236	0.799588	-0.78443414	-0.91996926	0.89898	0.7724413	-0.92843795	0.6865275	0.8120593	0.8190336	-0.92946184	-0.8475335	-0.89129436
-0.5342866	-0.5059343	0.43767062	0.4975789	0.38876384	-0.3098266	-0.5040922	0.42853808	0.45761788	-0.4310693	0.20473632	0.43470234	0.4984839	-0.4664751	-0.39185157	-0.5188856
-0.14717644	-0.13775901	0.0799941	0.10971893	0.10318954	-0.027463382	-0.13020073	0.0737606	0.11419663	-0.17109904	-0.008070087	0.046436373	0.11003353	-0.12762257	-0.13347787	-0.13875125
0.11391156	0.1448689	-0.13270903	-0.14871818	-0.18800811	0.03246607	0.11608735	-0.13642891	-0.14378303	0.15737227	-0.09203339	-0.062044837	-0.123775005	0.13877639	0.13745229	0.18073162
-0.10030517	-0.13369823	0.13751261	0.09194556	0.06841536	-0.1738564	-0.1255842	0.17105244	0.14736119	-0.11257337	0.130123	0.15556626	0.07323014	-0.09064375	-0.17544024	-0.10221007
-0.06527561	-0.132879	0.09480451	0.040217396	0.09539587	-0.027064933	-0.15100516	0.10199162	0.074448176	-0.055844396	-0.007228802	0.058007993	0.1518585	-0.0316824	-0.10111669	-0.05373941
0.30279335	0.3380183	-0.27153677	-0.3066712	-0.24281733	0.23395623	0.33918077	-0.26810417	-0.33808348	0.31764844	-0.16716911	-0.2571922	-0.3107162	0.2820338	0.26494715	0.3334761
0.13226573	0.10180879	-0.03918613	-0.07732556	-0.039009113	-0.12044914	0.057611983	-0.056175474	0.018306442	0.064420305	-0.12069726	-0.08465176	-0.048898727	0.074698344	0.057904895	0.07065264
-0.52012855	-0.5117315	0.5109668	0.47840643	0.42160344	-0.35465854	-0.47595444	0.41304067	0.40589553	-0.47824427	0.34846026	0.43782914	0.5035157	-0.41875008	-0.46661252	-0.47373277
0.15108567	0.14402187	-0.13542303	-0.051309034	-0.06558103	-0.041204236	0.051076304	-0.073674336	-0.00928624	0.054876544	-0.16597918	-0.11309915	-0.041919246	0.13483596	0.07962337	0.14481662
-0.17356278	-0.19863635	0.12227242	0.119369805	0.21771331	-0.2709263	-0.17165866	0.16171438	0.20420457	-0.14351636	-0.047726884	0.13914786	0.23995316	-0.13317347	-0.20989595	-0.11424233
-0.25816712	-0.20223752	0.23787831	0.25185367	0.19233243	-0.1772637	-0.19602495	0.23077828	0.14499451	-0.22207786	0.22004835	0.13562079	0.1974906	-0.2235274	-0.23217466	-0.15302506
-0.010077792	0.028435273	-0.04171557	-0.038991097	-0.03352716	-0.08467056	0.082240425	-0.08268355	-0.02161125	0.021707956	-0.13968262	-0.03949167	0.02080037	0.026702398	0.03401733	0.060646262
-0.051918402	-0.108223885	0.13299447	0.11053078	0.0684213	-0.027604522	-0.12759635	0.12719834	0.059569646	-0.0688714	0.037526753	0.0983311	0.062675	-0.11789003	-0.10967702	-0.09310563
-0.17459884	-0.2396894	0.20831563	0.20605081	0.22540964	-0.2397052	-0.2464201	0.16687313	0.2681567	-0.14690195	0.10442411	0.16672637	0.20970193	-0.17214946	-0.22142178	-0.22819284
0.023359146	0.075242884	-0.08068644	-0.047659583	0.025524953	-0.14158598	0.04120738	-0.06592588	-0.02262658	0.09940288	-0.17758667	-0.029651627	-0.022079356	0.018356586	0.0061593987	0.056278672
0.038949717	0.013020321	-0.07089422	-0.0280039	-0.026591433	-0.050759852	0.0021783325	-0.012147814	-0.021831768	0.07795045	-0.085783325	0.0063528754	0.0035220194	0.062406894	0.014976498	0.04000824
0.4588656	0.45510477	-0.4382224	-0.4390271	-0.4084362	0.3160274	0.42506352	-0.45781577	-0.3128496	0.44818887	-0.43656966	-0.37303987	-0.3491281	0.48836187	0.43482232	0.45231363
0.09623203	0.105469085	-0.18871647	-0.16686694	-0.10690796	0.2059599	0.06565883	-0.12144023	-0.09788818	0.15442252	-0.19532447	-0.07686742	-0.10794749	0.18314481	0.16379122	0.13165846
0.19475317	0.1799402	-0.20581613	-0.2274189	-0.11091728	0.19881658	0.22192405	-0.23625445	-0.14654134	0.21813935	-0.22332917	-0.2150154	-0.19649401	0.1638968	0.19895703	0.16117686
0.043616317	-0.011216279	-0.03471172	-0.07660758	-0.0028794226	0.08789345	0.0334225	-0.07021501	-0.031347267	0.075376816	-0.14179438	-0.009007625	-0.002254753	-0.015486123	0.05548175	0.0049600033
0.03960575	0.09149136	-0.12589955	-0.08342684	-0.06263998	-0.04400845	0.0150462035	-0.028223498	0.023907118	0.05061434	-0.15063393	-0.028170295	-0.061354775	0.09368441	0.02662294	0.109758295
-0.07733499	-0.09464894	0.05427153	0.04901755	0.035219904	-0.0970479	-0.06464568	-0.005208543	0.039852794	-0.07925202	-0.022100912	0.066339046	0.058788728	-0.06821508	-0.028073417	-0.04381939
-0.2311723	-0.24944223	0.21430662	0.18444167	0.23402596	-0.19435634	-0.21745737	0.2279039	0.16705598	-0.19510593	0.06823086	0.1843645	0.21772754	-0.1795475	-0.16637886	-0.22323541
0.9495867	0.97288185	-0.8514447	-0.87626857	-0.76436186	0.7836496	0.9031344	-0.8637768	-0.69942003	0.81025624	-0.7358422	-0.80123305	-0.8052058	0.8914728	0.8451497	0.9156514
0.24878752	0.22617003	-0.2863421	-0.2082166	-0.12546965	0.13157657	0.24963692	-0.2174639	-0.14822118	0.20238183	-0.2929908	-0.16584817	-0.14073828	0.19581696	0.225409	0.23511475
-0.011795727	0.016308486	-0.009747532	-0.030943722	-0.016364725	-0.0090599125	-0.060774595	-0.040057804	0.00039096348	0.0061626756	-0.13292333	-0.00978078	0.029082758	-0.012754569	0.025102234	0.037081104
0.90889364	0.9433825	-0.7917936	-0.8245	-0.6651919	0.84657437	0.78503865	-0.7527818	-0.7004995	0.78361607	-0.68308604	-0.6892633	-0.7841779	0.83853066	0.766588	0.8184921
0.20063524	0.21950455	-0.19116141	-0.16461118	-0.14025342	0.13227203	0.20579137	-0.17666917	-0.11726193	0.15817147	-0.19615567	-0.12549825	-0.1424296	0.15682681	0.13759746	0.195734
0.016595373	0.062216874	-0.06176038	-0.03191791	-0.055697326	0.0014459176	0.03783487	0.0014576415	-0.04399752	0.098215386	-0.036671102	-0.027839659	-0.017398335	0.05448821	0.0633475	0.09190514
0.008057312	0.018025775	-0.0846535	-0.059540246	0.017438924	0.06308458	0.025758807	-0.06844973	0.033249922	-0.0140578635	-0.14612925	-0.012300734	-0.007340824	-0.0034940995	-0.011603259	0.004528016
0.74275047	0.7086875	-0.61935323	-0.7462539	-0.4993373	0.4947832	0.6780644	-0.6204647	-0.5176842	0.6183017	-0.65626925	-0.6125153	-0.5707472	0.68826705	0.62408316	0.680416
-0.10075532	-0.105850555	0.1672596	0.17667033	0.06543622	-0.028235689	-0.15221688	0.1286338	0.06311485	-0.13052537	0.16035998	0.09641051	0.052645415	-0.15620075	-0.07366268	-0.16135225
0.6201024	0.6581274	-0.5824591	-0.5836276	-0.55764294	0.50803477	0.57707405	-0.585166	-0.5615387	0.61718404	-0.366668	-0.50325364	-0.600532	0.5971198	0.55268204	0.63926786
0.033205345	0.011898498	-0.12498786	-0.08851037	-0.013157395	-0.0070457836	0.059157066	-0.09986651	0.06711866	0.1203852	-0.2175705	-0.090680204	0.015520727	0.028836386	0.034345236	0.062270146
-0.05655735	-0.078863695	0.13799183	0.12144838	0.035598624	-0.037792966	-0.09037175	0.112409435	0.050891194	-0.13605684	-0.0026088487	0.10162471	0.050226167	-0.08314209	-0.040612124	-0.04389771
-0.9863803	-0.97430855	0.87680244	0.941477	0.7738499	-0.86852944	-0.97243226	0.88897294	0.89598924	-0.8969073	0.7357272	0.77129656	0.88380665	-0.93284297	-0.93865013	-0.90762997
0.82132417	0.8523332	-0.8245482	-0.78032535	-0.59916484	0.74848884	0.80396664	-0.75013596	-0.6542576	0.7499231	-0.7166222	-0.70615816	-0.6582783	0.8082133	0.7098803	0.7829286
0.15706646	0.13841581	-0.18185861	-0.12620664	-0.017608192	0.03905477	0.13659854	-0.08091558	-0.06509346	0.17129576	-0.25577107	-0.13099669	-0.05860185	0.113868386	0.12601554	0.17934886
0.31775177	0.30388972	-0.2908894	-0.29843315	-0.27942303	0.279655	0.27539787	-0.2754943	-0.26939437	0.36823016	-0.35272425	-0.3335142	-0.29086342	0.3120916	0.27281004	0.38041607
-0.6398531	-0.70584804	0.60364616	0.6361264	0.4966755	-0.49191234	-0.6705419	0.58125883	0.60062104	-0.64117986	0.42475396	0.58291054	0.5663034	-0.6595482	-0.5628139	-0.6544973
0.504299	0.46759194	-0.44759208	-0.43751687	-0.37051538	0.3101381	0.45212317	-0.39078864	-0.3845261	0.38161314	-0.2950457	-0.40703234	-0.42648092	0.3886533	0.3898636	0.4612069
0.41557267	0.36301073	-0.38550752	-0.39798295	-0.31677365	0.12718491	0.3498048	-0.31407416	-0.31954426	0.29552883	-0.27644035	-0.32988232	-0.25254166	0.34560132	0.28979978	0.31953084
-0.089160085	-0.048233584	0.111949	0.09608892	0.08962302	-0.109396204	-0.056111924	0.11602058	0.09297429	-0.07449515	-0.03504305	0.06944022	0.07469958	-0.09860602	-0.050508775	-0.038767837
-0.32757783	-0.30307832	0.27910715	0.2698614	0.2048132	-0.25970554	-0.2536669	0.28029898	0.2892494	-0.18942477	0.10758241	0.23828575	0.23771861	-0.19829316	-0.30053258	-0.20680663
-0.23434468	-0.21725187	0.13558166	0.2324019	0.14413819	-0.06436449	-0.20901787	0.14695022	0.19336195	-0.22182551	0.07853925	0.18096311	0.17038022	-0.19220303	-0.14389625	-0.23340201
0.06177064	0.045319922	-0.10649571	-0.10035252	-0.0071666	0.043405276	0.037554745	-0.054367915	-0.0038834517	0.055495687	-0.1430895	-0.0594894	0.0019258115	0.094037235	0.011000683	0.09659459
0.057036426	0.031016884	-0.041439302	-0.05739238	0.011999131	0.01979378	-0.04838494	-0.083121605	-0.024307603	0.07062624	-0.11621922	0.012896643	0.0055558835	0.004498927	-0.008196001	0.02547032
-0.4588256	-0.47068262	0.3970773	0.44700408	0.3965737	-0.2844587	-0.499057	0.40891373	0.40143043	-0.40084162	0.28457326	0.3194702	0.43451428	-0.40744352	-0.41855115	-0.39449045
-0.04439682	-0.034666497	-0.013838747	0.022433724	0.06619333	-0.12883767	-0.098790266	0.0311357	0.12833937	-0.045323823	0.01922087	0.07630245	0.078905135	-0.05342357	-0.11584459	-0.017194834
0.40151352	0.35499743	-0.29607266	-0.32413343	-0.28235325	0.23461866	0.32060733	-0.31412944	-0.2645238	0.34538037	-0.31526014	-0.2908699	-0.279388	0.3444925	0.33389127	0.31977078
-0.31970873	-0.33759913	0.29977593	0.2586285	0.30013853	-0.3267474	-0.29433843	0.29330084	0.2939481	-0.25268218	0.19705471	0.23931567	0.29821846	-0.29550797	-0.25767088	-0.29792872
-0.20214047	-0.19833945	0.1421646	0.18237063	0.09348806	-0.1255212	-0.18810897	0.14587253	0.16498695	-0.1827116	0.1030767	0.14872918	0.13178106	-0.17660403	-0.09851097	-0.110895514
0.8400532	0.86168647	-0.78168726	-0.8051631	-0.5771303	0.6685723	0.8205712	-0.6840049	-0.6609283	0.7474807	-0.6449337	-0.6795384	-0.6874191	0.7984529	0.75870925	0.8079937
-0.51138794	-0.47650334	0.45079255	0.54730976	0.49599528	-0.4014181	-0.49576432	0.4619943	0.48107615	-0.44641405	0.38887277	0.4296431	0.52738386	-0.45930916	-0.45533115	-0.454602
-0.170076	-0.16846226	0.18402156	0.22236644	0.20381385	-0.061638255	-0.18537113	0.14228895	0.13445213	-0.21090235	0.10953817	0.18404368	0.16673185	-0.15662521	-0.10328698	-0.22789374
0.991918	0.9752495	-0.9072095	-0.97556853	-0.81283057	0.85569406	0.8947005	-0.86057585	-0.7923553	0.85646236	-0.7970314	-0.83841515	-0.8870015	0.9534728	0.9171604	0.94065577
-0.29667807	-0.28443584	0.20946948	0.25421214	0.19410111	-0.12958334	-0.27891406	0.22112277	0.24325095	-0.24825583	0.19006284	0.21346098	0.19415303	-0.20124036	-0.16257077	-0.27014098
-0.65775436	-0.63593525	0.59497887	0.6478793	0.52026653	-0.46526402	-0.5652931	0.5166019	0.4846149	-0.574538	0.4326101	0.47610685	0.5912	-0.5641215	-0.54428303	-0.58562213
0.10888677	0.061546385	-0.03957392	-0.041406844	-0.028151724	0.08539269	0.023906393	-0.04939324	-0.1067855	0.11752671	-0.09522052	-0.092839465	-0.014216683	0.036302168	0.050057143	0.10298334
-0.29258326	-0.31546775	0.296084	0.2530585	0.26942307	-0.25767943	-0.27690157	0.23934025	0.27230594	-0.2987516	0.22165602	0.24431802	0.33841497	-0.2342932	-0.30157965	-0.31480348
-0.037835978	-0.038449105	0.0031707678	-0.023246657	0.015873037	0.0036268802	-0.006808082	0.0578206	0.038018268	0.028131768	-0.04362037	-0.016638745	-0.017750079	0.034264762	0.03406411	0.007227937
0.06438485	0.07251903	-0.113512084	-0.079838686	-0.03274815	0.049065843	0.0422522	-0.054167617	-0.11182119	0.049370434	-0.060931634	-0.04323524	-0.018652117	0.06094301	0.060919207	0.07196833
-0.3330935	-0.2891008	0.32704422	0.30948842	0.2587594	-0.18839297	-0.2450805	0.32349172	0.28571945	-0.34391472	0.2590296	0.23579627	0.31923226	-0.28889433	-0.3123642	-0.3270171
0.21531968	0.16584438	-0.19334625	-0.14527816	-0.109636456	0.06280221	0.115383364	-0.21746746	-0.10278531	0.18511494	-0.23575976	-0.17592277	-0.12124584	0.14635816	0.17083082	0.16817673
-0.5922417	-0.58196807	0.5860341	0.56852984	0.4750538	-0.5614585	-0.5832869	0.55475163	0.5133405	-0.58680683	0.43389753	0.5319377	0.5630277	-0.5946076	-0.5332229	-0.5769059
0.05254819	0.037330396	-0.059192337	-0.011089396	-0.0019378719	0.10095225	0.012706801	-0.005700895	0.066891685	0.049495474	-0.1345169	-0.03879836	0.04267439	0.044407807	0.019896	0.0014757229
-0.109065436	-0.19681357	0.10713539	0.10841279	0.12393742	-0.11596421	-0.18691961	0.15367678	0.11886684	-0.10863089	0.028160155	0.14041086	0.16649619	-0.151899	-0.11516255	-0.10817742
-0.31834584	-0.34223235	0.29527855	0.30210623	0.29673374	-0.28894517	-0.3239254	0.28285062	0.24193743	-0.2817452	0.21237798	0.24351811	0.31193584	-0.29971004	-0.27744684	-0.2818711
0.28499427	0.25693253	-0.23978451	-0.3090518	-0.25277287	0.17265204	0.22865064	-0.29362413	-0.213756	0.28079912	-0.2982171	-0.25935677	-0.25303277	0.28220826	0.19241166	0.25355524
0.08153817	0.08705523	-0.11165346	-0.17828964	-0.05824808	0.046519198	0.07658509	-0.1464747	-0.0862413	0.14736967	-0.20321108	-0.14655022	-0.14134996	0.124624915	0.13919653	0.104121104
-0.07500546	-0.09459139	0.012813913	0.08015193	0.07603049	-0.12073298	-0.038514122	0.02942804	0.0683898	-0.059752803	0.058898833	0.00986322	0.011724156	-0.071605645	-0.104268305	-0.020108784
-0.13226788	-0.2103514	0.115932666	0.13456534	0.22128804	-0.24622846	-0.13395374	0.17041647	0.21515538	-0.12511545	0.10184232	0.11619333	0.18621776	-0.11277228	-0.15624589	-0.109457724
0.57571304	0.5661295	-0.49989247	-0.5560663	-0.37607822	0.31914568	0.4782881	-0.47775015	-0.37089846	0.4748234	-0.46127686	-0.40549392	-0.45797238	0.499455	0.4290018	0.5384585
-0.5688608	-0.56900316	0.50880575	0.4762213	0.46118852	-0.35491595	-0.5266432	0.43512356	0.47573707	-0.48046184	0.2934879	0.4432934	0.5010224	-0.43140242	-0.386268	-0.4942095
0.08785066	0.109290674	-0.053363968	-0.077021964	-0.033202603	0.006836422	0.078681305	-0.08622228	-0.07063779	0.08176589	-0.07419514	-0.05341116	-0.05179162	0.081219025	0.03866291	0.10681516
0.2720562	0.21040969	-0.2804512	-0.25975797	-0.09427494	0.084926076	0.16086373	-0.2066359	-0.11847638	0.22195795	-0.25429818	-0.20157014	-0.14621502	0.2759702	0.18179983	0.23539414
-0.0865884	-0.038416382	0.039728224	0.045761067	0.054286346	-0.036862493	-0.077477425	0.04929208	0.05914196	-0.09610816	0.07162393	0.08093808	0.0824289	-0.054712836	-0.116174884	-0.11481539
0.26201755	0.2245535	-0.19695635	-0.16581984	-0.080521	0.08019443	0.15194389	-0.2479837	-0.03383055	0.24347472	-0.3246444	-0.17517778	-0.10630555	0.18327676	0.13824356	0.17441133
0.55188406	0.5404916	-0.5152652	-0.5141164	-0.45066926	0.37798005	0.4967537	-0.47738785	-0.43837264	0.5764717	-0.47356534	-0.44049594	-0.4745328	0.5083945	0.50950205	0.52418077
-0.18716152	-0.16115518	0.14825916	0.14288197	0.14778672	-0.15526909	-0.11514466	0.08715493	0.12414023	-0.1592036	0.057604603	0.10049446	0.15433559	-0.16451354	-0.12399857	-0.101685494
0.52724975	0.4466399	-0.5000779	-0.43056032	-0.3219248	0.31270188	0.40010765	-0.41890493	-0.38000172	0.44174773	-0.42619193	-0.4280219	-0.3555874	0.4751726	0.40703398	0.46484068
0.15007606	0.1628024	-0.12649603	-0.15652546	-0.08895277	0.06774624	0.1739565	-0.15342873	-0.062363837	0.15069531	-0.16681097	-0.107341886	-0.115759455	0.14920272	0.13797864	0.18030764
-0.1087798	-0.17134786	0.158673	0.15725483	0.15650088	-0.15032205	-0.11616567	0.16318251	0.12999818	-0.16900072	0.07796305	0.07040757	0.11792977	-0.12049278	-0.17633852	-0.16772789
-0.22331344	-0.20978205	0.18812822	0.16611116	0.17903654	-0.11415123	-0.2063338	0.12254678	0.13581808	-0.16142134	0.124272786	0.19316082	0.228675	-0.15234984	-0.20479307	-0.1965675
0.28046086	0.26160914	-0.20246676	-0.247019	-0.20460446	0.29352063	0.21982758	-0.19350913	-0.2632296	0.20798737	-0.25071234	-0.2103448	-0.18195757	0.18037046	0.21525222	0.25446594
-0.19950584	-0.23813519	0.20326495	0.1547242	0.15960431	-0.16887626	-0.14763954	0.20705011	0.20133659	-0.22103696	0.14015621	0.15574592	0.1708516	-0.19849828	-0.16779627	-0.15818799
-0.2774077	-0.19721325	0.230158	0.21008913	0.23657694	-0.2707654	-0.18173826	0.17502274	0.17187655	-0.19412206	0.20046972	0.2199678	0.2637459	-0.23783152	-0.18803711	-0.26639798
0.22581078	0.2299469	-0.18529736	-0.19221024	-0.08535672	0.11326074	0.12653702	-0.1469106	-0.16101742	0.19132885	-0.16302474	-0.1625981	-0.13394085	0.13326459	0.16972244	0.18654656
-0.098494954	-0.10461388	0.10089148	0.08460505	0.099350415	-0.035449043	-0.13272955	0.09093769	0.06688947	-0.05062	0.009026223	0.12768286	0.13524343	-0.10762772	-0.0424134	-0.12212341
-0.0686771	-0.094727464	0.04169837	0.08250133	0.059946988	-0.016019601	-0.12223983	0.048824076	0.08498483	-0.094139464	-0.00011826464	0.11180204	0.06443836	-0.03968267	-0.12002223	-0.0812648
0.2373598	0.19973019	-0.18374059	-0.21275744	-0.15492345	0.23294993	0.19282213	-0.19284578	-0.1797315	0.19140549	-0.20763814	-0.17796268	-0.1900405	0.19943689	0.23027347	0.19917226
0.38824645	0.36655694	-0.33899638	-0.34319332	-0.29122725	0.24976648	0.3302635	-0.29687434	-0.25836045	0.2861646	-0.25905553	-0.28725892	-0.3280549	0.27669808	0.2694685	0.3495928
-0.40284482	-0.39466506	0.32127	0.37019256	0.31948224	-0.36260542	-0.37008587	0.33833927	0.32104233	-0.34162873	0.24625556	0.3808711	0.39484516	-0.36586815	-0.40883887	-0.3720034
0.9184183	0.87851024	-0.8178318	-0.86118245	-0.66698825	0.8192055	0.8501327	-0.8220534	-0.73745584	0.8410068	-0.7203133	-0.7313072	-0.81064326	0.82174695	0.8149972	0.8261113
0.13024658	0.19289303	-0.11589867	-0.13840288	-0.0588761	0.070423655	0.10454741	-0.15973061	-0.061273865	0.20964639	-0.25086564	-0.18778762	-0.104480244	0.12644993	0.16615304	0.1616509
0.4593753	0.44995034	-0.36982277	-0.45948377	-0.2649389	0.3023682	0.41267863	-0.4320369	-0.3442047	0.40606564	-0.4298831	-0.3691366	-0.32686558	0.36925814	0.37666818	0.45383114
-0.8554583	-0.88874274	0.74616086	0.77380085	0.68719006	-0.74252754	-0.8017126	0.731014	0.7088319	-0.7341381	0.521349	0.67875254	0.75702363	-0.77841735	-0.75428194	-0.7961785
0.091035105	0.11790506	-0.1008748	-0.14809187	-0.06702454	0.060344454	0.057127476	-0.063198	-0.054179646	0.14973417	-0.15838674	-0.10754943	-0.12163824	0.0751694	0.0511263	0.13641311
0.18454617	0.22989684	-0.24227251	-0.2627866	-0.17673765	0.1780247	0.2638787	-0.21016526	-0.19655572	0.1792306	-0.19980335	-0.20939921	-0.1928411	0.21800734	0.15020233	0.19677705
0.5885576	0.5669621	-0.50533843	-0.521782	-0.43861625	0.46772805	0.51537067	-0.47201547	-0.47046894	0.5197656	-0.4387702	-0.47951034	-0.48878664	0.5540943	0.48817715	0.578458
-0.21574664	-0.27468315	0.20831743	0.26061904	0.2582095	-0.08814551	-0.2737973	0.20932052	0.23508877	-0.19144015	-0.018053105	0.20074299	0.26542786	-0.18674253	-0.13722904	-0.19195819
-0.023204412	-0.02767745	0.08475268	0.06651378	0.12347385	-0.097624995	-0.12081707	0.032159332	0.083471954	-0.069920376	-0.007996007	0.08669494	0.12695622	-0.07481783	-0.038367603	-0.07243266
0.3589457	0.38840634	-0.35822675	-0.3120357	-0.25097373	0.13717602	0.36403376	-0.27284893	-0.18191665	0.30855656	-0.28375173	-0.3191686	-0.28490862	0.36823937	0.24453317	0.3656911
-0.15391895	-0.20057106	0.16460545	0.16530415	0.11268525	-0.07449138	-0.13909677	0.15856086	0.13796692	-0.14112978	0.13181712	0.11025757	0.1427625	-0.17895335	-0.11859969	-0.1992511
-0.09378481	-0.0859184	0.096805885	0.13383132	0.17044899	-0.15271969	-0.09563481	0.07096873	0.15473723	-0.087189354	-0.01688111	0.15117456	0.15008971	-0.0946722	-0.1340917	-0.1280897
0.48833263	0.38484782	-0.43727273	-0.3735125	-0.29776013	0.3410956	0.3513106	-0.42066312	-0.27822304	0.4120109	-0.35827714	-0.3790791	-0.36597672	0.431134	0.33278286	0.40772742
0.27141005	0.28599402	-0.32574838	-0.32376438	-0.1969149	0.23747408	0.29579845	-0.2379018	-0.17833829	0.3310617	-0.33089402	-0.24478406	-0.26039776	0.31407338	0.2687349	0.32635218
-0.19395308	-0.21267372	0.14681612	0.13937981	0.14417371	-0.087080345	-0.20541498	0.13131288	0.1394408	-0.21189639	0.14714284	0.14312094	0.18821077	-0.18403512	-0.10943946	-0.17253107
-0.33885992	-0.2678446	0.26153263	0.23470579	0.237369	-0.24659748	-0.25776777	0.25547114	0.24802607	-0.29390085	0.20287636	0.25695252	0.28647235	-0.25946057	-0.29248556	-0.27254707
-0.027127778	0.02804418	-0.016549645	-0.06029877	0.023068188	0.03762471	-0.03475847	-0.03495123	0.001650827	0.047974862	-0.090562716	-0.021712406	0.041233964	-0.0038473534	0.04176319	0.00079481036
0.3109423	0.33465785	-0.32424384	-0.35792613	-0.26237616	0.25964162	0.3457526	-0.30502224	-0.24945699	0.281849	-0.31811157	-0.32002866	-0.28507242	0.30168694	0.28274333	0.3631215
0.14809781	0.19329801	-0.17315994	-0.22240956	-0.17757262	0.14587982	0.18660045	-0.20509791	-0.15819979	0.22912909	-0.17252606	-0.18144388	-0.19801468	0.15577716	0.13496831	0.21534382
0.3561177	0.3865188	-0.34990168	-0.39506155	-0.279635	0.2689238	0.36706638	-0.33446366	-0.3106301	0.40356818	-0.35680693	-0.36681727	-0.32853115	0.3239397	0.3143008	0.41849178
0.41911253	0.4013226	-0.30505574	-0.34204444	-0.28325891	0.2565523	0.36638305	-0.29659444	-0.27536264	0.31821194	-0.3329397	-0.29104304	-0.32647783	0.3959966	0.34773132	0.397105
-0.3505371	-0.33035624	0.27949944	0.2853304	0.28175288	-0.2801766	-0.37144765	0.34637	0.34088168	-0.362044	0.19956055	0.23023012	0.29405925	-0.3509892	-0.33753917	-0.3112015
-0.18083882	-0.22100614	0.15610674	0.2219156	0.1697518	-0.1405387	-0.2350727	0.11213156	0.15000375	-0.1345289	0.11786243	0.16349696	0.19228351	-0.22331247	-0.20592913	-0.22729822
-0.33235195	-0.33135659	0.2782271	0.3747916	0.24283849	-0.2467439	-0.31277353	0.3221018	0.33400694	-0.2992353	0.13301888	0.2732479	0.329841	-0.2782515	-0.30436403	-0.3007024
-0.27949795	-0.31342503	0.24375294	0.27841562	0.26974052	-0.2344211	-0.33017135	0.26525587	0.3245592	-0.27823305	0.22855794	0.2593501	0.27381745	-0.33499616	-0.23801751	-0.27038446
0.01850156	0.049263448	0.018590622	-0.017788509	0.067252524	0.082092166	-0.01898099	-0.025548011	0.0663755	0.010383782	-0.09480475	-0.034125887	-0.0049204305	-0.04833598	0.060161464	0.027954474
-0.09613365	-0.1350879	0.07449996	0.10327219	0.06705116	-0.019865211	-0.08800739	0.090094455	0.043792244	-0.11036751	0.06527025	0.049120713	0.064564675	-0.09536037	-0.058930635	-0.08034369
0.04239363	0.027226413	-0.025567163	-0.0060068765	0.019962965	-0.00684271	-0.034071982	-0.058917277	0.02686501	0.052737925	-0.11303635	-0.057075765	-0.040000692	0.06990235	0.049429744	0.012550384
-0.10777107	-0.09153855	0.04263096	0.04077515	0.104921386	-0.07648471	-0.06994671	0.08445181	0.1000934	-0.10598489	0.03486703	0.06350492	0.10919638	-0.060018413	-0.09803249	-0.113782
-0.89602065	-0.86545324	0.71408856	0.8376251	0.73529977	-0.6643188	-0.7846542	0.78050506	0.6923583	-0.7393015	0.6283201	0.71220237	0.79935837	-0.7330839	-0.8058976	-0.79331964
-0.2573185	-0.24358451	0.1583995	0.23390596	0.15424177	-0.15302025	-0.1786877	0.14990991	0.18864869	-0.1896275	0.12107111	0.18193105	0.15332508	-0.21242641	-0.15500008	-0.19933252
0.07782456	0.068792194	-0.103358425	-0.08216325	0.078149974	-0.08442134	0.035070308	-0.07967175	0.07950347	0.07341308	-0.20001827	-0.086831346	0.079476036	0.08571123	0.03166043	0.10158502
0.684307	0.7109875	-0.6486246	-0.6534453	-0.4839389	0.56115514	0.6760574	-0.6052742	-0.5894296	0.6426157	-0.5792317	-0.5273152	-0.6038082	0.6058589	0.58202076	0.69571304
-0.15407538	-0.14735453	0.080178656	0.08435195	0.14328764	-0.110477276	-0.12055413	0.092197016	0.072081774	-0.09935472	0.031601194	0.12745112	0.07955968	-0.06662052	-0.10837392	-0.15032306
0.20414445	0.21720912	-0.24733077	-0.23211782	-0.1287376	0.22539966	0.16587444	-0.19132204	-0.16415687	0.24787833	-0.19828442	-0.18317518	-0.14897285	0.2356897	0.14994654	0.22401999
-0.13354842	-0.21154888	0.1444506	0.1397426	0.18440825	-0.13869742	-0.15919222	0.1766019	0.14083712	-0.10508645	0.07587061	0.14542723	0.13652427	-0.16076113	-0.13500069	-0.1725916
0.51738626	0.48627794	-0.4907702	-0.4842865	-0.44201484	0.4039718	0.44343776	-0.4843599	-0.37754092	0.4804468	-0.4913134	-0.46970236	-0.3948085	0.48153934	0.49414235	0.51265824
-0.049306605	0.016910978	-0.03649908	0.018222088	0.031711984	-0.046393156	-0.027187109	0.031705484	0.052124467	0.02191887	-0.06823015	-0.005383924	0.027856084	1.9879808e-05	0.009767158	-0.018873755
0.33053592	0.3749132	-0.3329994	-0.34136263	-0.2712398	0.27013844	0.29973504	-0.32765257	-0.29110256	0.30840224	-0.31970927	-0.25451162	-0.33275372	0.3163346	0.33199984	0.33087966
-0.44012213	-0.3905167	0.42260602	0.4258715	0.3238041	-0.23577943	-0.43379095	0.34114358	0.31138507	-0.38785234	0.30583188	0.36547342	0.35129514	-0.4092937	-0.3087317	-0.38534957
0.042200767	0.059665658	-0.04122418	-0.037499633	-0.014558674	-0.04114482	-0.024284085	-0.024598053	0.049072206	0.03438232	-0.007966787	-0.010440977	-0.014687984	0.022061663	0.018683255	0.0049132146
-0.41282734	-0.4378341	0.37530357	0.47009334	0.40890768	-0.27651787	-0.4314783	0.43929878	0.359616	-0.40082914	0.3078681	0.3308926	0.42509112	-0.44582626	-0.39386347	-0.46720463
-0.06630728	-0.12701192	0.032381747	0.11179719	0.08421817	-0.14224069	-0.11885221	0.08642994	0.08972316	-0.07629521	0.055994373	0.062258616	0.12569451	-0.06041138	-0.11234234	-0.03505143
-0.43335855	-0.37454516	0.40470406	0.4292138	0.3860582	-0.34238592	-0.3854425	0.33137006	0.3925679	-0.4131048	0.2175085	0.37185246	0.35926113	-0.41693547	-0.40251604	-0.4089131
-0.382757	-0.39821002	0.37046316	0.34071672	0.3054509	-0.24367419	-0.38176036	0.30477494	0.28069517	-0.37180325	0.27225807	0.2995341	0.34763387	-0.33746988	-0.3592753	-0.3631654
-0.17582294	-0.12274501	0.07031632	0.12075232	0.07002481	-0.20383523	-0.15212426	0.12657078	0.058710206	-0.07998489	0.14970905	0.16929954	0.14940666	-0.12549892	-0.13596258	-0.13971883
-0.46703765	-0.51037514	0.45524266	0.49315703	0.4531642	-0.3898924	-0.4882519	0.45539942	0.37929636	-0.4518645	0.40401027	0.39598295	0.42385012	-0.5157224	-0.40686378	-0.5091297
0.3667057	0.35554403	-0.33244333	-0.3788125	-0.32174286	0.3620224	0.3719864	-0.4025924	-0.379223	0.34385633	-0.35942793	-0.32735536	-0.388249	0.39250696	0.33902115	0.40020362
0.4284859	0.3763722	-0.35869476	-0.336347	-0.3111353	0.2962375	0.33104154	-0.3312387	-0.2894377	0.32340115	-0.42386496	-0.30612245	-0.33825353	0.34088382	0.34073368	0.40282732
0.2120545	0.23703118	-0.24712364	-0.22415476	-0.18237054	0.21044427	0.2677734	-0.2706622	-0.20260862	0.19398339	-0.2759662	-0.24241398	-0.1688009	0.24532415	0.22392412	0.24464221
0.28218943	0.2614663	-0.30277288	-0.2266514	-0.18671621	0.12417926	0.28121275	-0.2823833	-0.22394805	0.3226695	-0.34710872	-0.24853115	-0.23113896	0.24830064	0.20714483	0.24392943
-0.026996236	-0.04832662	0.033437956	0.0755381	0.07205315	-0.02234369	-0.053158697	0.03211131	0.11844242	-0.041971322	-0.009589123	0.07500488	0.11979615	-0.0698707	-0.03804965	-0.055567604
0.41495103	0.37312096	-0.3617196	-0.40523446	-0.36151728	0.29037765	0.37515613	-0.32261	-0.41372076	0.38448858	-0.11397767	-0.29388353	-0.3506275	0.40139493	0.37933207	0.34153745
0.18287556	0.09975055	-0.120812766	-0.16872998	-0.15066306	0.083746	0.117533036	-0.12936395	-0.08394044	0.17259175	-0.19947225	-0.09283602	-0.120057516	0.18185781	0.12722702	0.10337554
-0.020224793	-0.042133268	0.06830868	0.10385125	0.040092807	-0.053566627	-0.056719698	0.0941766	0.030404681	-0.12260289	0.029964209	0.0538345	0.076976575	-0.10577637	-0.022591045	-0.03222477
-0.25989082	-0.2884101	0.17673986	0.2368006	0.1960891	-0.07821306	-0.25576586	0.24234638	0.24546584	-0.24065171	0.0909039	0.22429217	0.25070843	-0.27305314	-0.2666534	-0.28665763
0.0009889196	-0.042397257	0.029242363	-0.015751228	0.012967135	0.089893855	0.0034190696	0.00812681	0.047583327	-0.0054344237	-0.0956491	-0.027855432	0.0050657433	0.0061210603	-0.035521965	-0.034575433
-0.7592994	-0.786934	0.7403625	0.7377507	0.6275769	-0.66470367	-0.730133	0.77472115	0.7125485	-0.7407331	0.54027957	0.6314152	0.7511913	-0.7206459	-0.7092194	-0.802201
-0.4285919	-0.39805445	0.42111397	0.38887665	0.39305675	-0.38078687	-0.4194081	0.3762829	0.36973622	-0.39038733	0.29983214	0.3872101	0.41351566	-0.38237965	-0.32824895	-0.35788223
0.15293154	0.10864772	-0.11011493	-0.13728389	-0.12688941	0.07233606	0.16412127	-0.122788854	-0.10024104	0.08939264	-0.0943881	-0.13497911	-0.17165948	0.13972963	0.13991451	0.111633696
0.26302367	0.26725912	-0.3148201	-0.30273196	-0.23825707	0.2886739	0.259226	-0.30721897	-0.23451233	0.2658588	-0.2673945	-0.25419796	-0.20693654	0.24870141	0.25570256	0.32627848
-0.0022497512	-0.019132026	0.09410261	0.06526136	0.13121223	-0.11126712	-0.03734485	0.078892276	0.07847918	-0.06371999	-0.045564707	0.034908958	0.07913478	-0.04251649	-0.030634973	-0.073625125
0.04568365	0.017317677	-0.037565757	-0.05291838	-0.014858174	0.09357102	-0.0002847581	-0.056914728	-0.060828723	0.06865242	-0.09465437	-0.103299916	0.0021365052	0.07224977	0.01770439	0.102914
0.33092842	0.24904558	-0.26242107	-0.24794663	-0.23531464	0.25160474	0.24499843	-0.2424053	-0.17889471	0.27824458	-0.30886927	-0.30306423	-0.18422239	0.24152245	0.24365653	0.2731914
0.31504768	0.31264833	-0.292864	-0.26810625	-0.23966101	0.2779788	0.28528613	-0.27537242	-0.19215435	0.29690692	-0.2772023	-0.24371909	-0.27574065	0.26756692	0.2932583	0.30163983
-0.41487825	-0.46262762	0.37918353	0.40631804	0.43311924	-0.33322847	-0.45101887	0.33544713	0.43956754	-0.38388357	0.25093162	0.3171245	0.4557159	-0.4065571	-0.42107132	-0.3820124
-0.15115133	-0.08660749	0.09275647	0.14285488	0.14522575	-0.06057344	-0.1961891	0.12972113	0.090531975	-0.12284913	0.078730054	0.15231173	0.107105695	-0.14976218	-0.07240878	-0.1446553
0.27209133	0.28413588	-0.24067403	-0.22494155	-0.25272942	0.23690175	0.3145754	-0.24722742	-0.30477744	0.17896111	-0.023001378	-0.16656916	-0.33126482	0.1812278	0.27579984	0.2206647
0.06887272	0.07297668	-0.017154787	-0.013353944	0.0043805223	-0.0016436307	0.05340788	-0.021505011	0.005719851	0.022470988	-0.06594376	-0.009560328	0.009210217	0.020907244	0.036057718	0.044089604
0.16823447	0.20804825	-0.19080824	-0.24632052	-0.1747611	0.23037569	0.1999259	-0.23878703	-0.18763377	0.16522206	-0.20011795	-0.19835441	-0.11261165	0.20923185	0.19752283	0.24010779
0.24961692	0.19714847	-0.22675794	-0.17193459	-0.2077467	0.115775876	0.23225828	-0.1580228	-0.15518717	0.19331428	-0.20918469	-0.15606038	-0.15263471	0.22249599	0.14342727	0.23901102
0.12282265	0.14985977	-0.1482179	-0.14811157	-0.11983997	0.16909641	0.15246022	-0.10329404	-0.1344408	0.13805507	-0.11012979	-0.09900829	-0.15806925	0.18820861	0.123709	0.18096414
0.25133282	0.23645239	-0.23631142	-0.22386944	-0.15067507	0.1197058	0.15640566	-0.22165197	-0.098649055	0.23890384	-0.27755958	-0.24130562	-0.196114	0.2084675	0.22824052	0.27884486
-0.11821979	-0.18699801	0.07465799	0.109403804	0.14581062	-0.077172756	-0.1964112	0.124383286	0.12540469	-0.11854301	-0.014918241	0.10136385	0.14522743	-0.099221855	-0.1388828	-0.10826968
0.17001353	0.25158355	-0.14763932	-0.18943325	-0.14529575	0.21167544	0.20955867	-0.1799836	-0.15638004	0.1801076	-0.154579	-0.20185356	-0.14716391	0.15514936	0.16790383	0.16420062
0.27813995	0.23126517	-0.20955615	-0.25175393	-0.22455645	0.24304374	0.21110225	-0.256795	-0.25045854	0.19908874	-0.19245599	-0.20125104	-0.20148548	0.1984974	0.2546676	0.26153377
-0.22021142	-0.2149062	0.23085275	0.22525501	0.2370592	-0.24626227	-0.19596799	0.23184824	0.19254147	-0.24428347	0.1334976	0.1476623	0.26357916	-0.16945738	-0.23316616	-0.22101703
0.48393953	0.5339952	-0.50321716	-0.50058573	-0.44235834	0.37409592	0.47051167	-0.4153866	-0.45042747	0.52858245	-0.48847616	-0.45467123	-0.42922077	0.4615696	0.4745389	0.47029325
-0.13250211	-0.15294142	0.16332121	0.17386585	0.17839208	-0.104442835	-0.13813217	0.15235652	0.17534377	-0.105569825	0.032466207	0.06420034	0.14311758	-0.09703361	-0.10686312	-0.14625148
0.24881051	0.16383232	-0.21112274	-0.20522054	-0.1555583	0.19903149	0.13395469	-0.19619356	-0.19153224	0.20177877	-0.20438828	-0.119917765	-0.18307678	0.15723838	0.19368428	0.1520291
0.7338724	0.7115103	-0.6860525	-0.67748654	-0.6113452	0.6638435	0.68724734	-0.67161125	-0.6684052	0.68149394	-0.6190688	-0.6067625	-0.63957506	0.68439275	0.6561243	0.7137779
-0.16076967	-0.19287646	0.14170694	0.09798877	0.17205942	-0.18481253	-0.10366154	0.13886254	0.12444618	-0.1158871	0.13409667	0.18559921	0.12324593	-0.118520364	-0.14322874	-0.13565008
-0.45568785	-0.42112672	0.37987593	0.42621002	0.32160032	-0.32968575	-0.40279084	0.35450375	0.36056587	-0.34063762	0.3357133	0.28832525	0.31957737	-0.39421052	-0.3282379	-0.39436507
0.19089721	0.24239248	-0.22671014	-0.18251215	-0.19078748	0.10295376	0.19774124	-0.1879577	-0.17616601	0.21722971	-0.18241604	-0.1767402	-0.14110255	0.17123346	0.21684769	0.21048501
-0.15272881	-0.12588683	0.09653356	0.09971833	0.1333012	-0.023571908	-0.15455286	0.10241666	0.11855771	-0.14253685	0.045006573	0.047498513	0.09941717	-0.123043604	-0.04570085	-0.08546193
0.46921474	0.5117848	-0.46209604	-0.5173285	-0.3612686	0.39639625	0.4909225	-0.4406491	-0.38191757	0.45609745	-0.3986927	-0.4186704	-0.4573884	0.52214706	0.4566717	0.510917
0.21793991	0.15160944	-0.21292424	-0.21478058	-0.09283892	0.16952828	0.1975332	-0.20335877	-0.089570016	0.18933277	-0.23025866	-0.18784389	-0.1291059	0.18229347	0.14718896	0.18597649
0.31047168	0.26777297	-0.29298627	-0.25476333	-0.1785386	0.18040422	0.2755065	-0.20082952	-0.20291063	0.21689226	-0.26217836	-0.23501535	-0.16407745	0.293704	0.18743835	0.26950353
0.42409256	0.43112555	-0.41676432	-0.4084879	-0.28745553	0.27498823	0.4090634	-0.32628775	-0.2699249	0.34385157	-0.37006453	-0.28891826	-0.3025985	0.4211578	0.30530813	0.35171214
0.16652231	0.119445756	-0.14049745	-0.10006741	-0.06996061	0.118648954	0.11725815	-0.12046601	-0.07183392	0.09858999	-0.18336682	-0.102174096	-0.14145504	0.16968954	0.14596444	0.11400505
-0.17591047	-0.15217	0.114480816	0.16984047	0.10098608	-0.028018244	-0.1717334	0.1423233	0.115806624	-0.17392552	0.08351791	0.14038225	0.10525374	-0.17179291	-0.093388095	-0.16318236
0.2973245	0.39340183	-0.2800582	-0.3173829	-0.24602264	0.26436165	0.32386893	-0.33075684	-0.3233769	0.35898012	-0.24353716	-0.32055625	-0.29001182	0.27781793	0.26084194	0.29902261
-0.74898434	-0.703093	0.6233874	0.70347095	0.5558381	-0.5857864	-0.71465796	0.6227465	0.5751644	-0.61120707	0.42512167	0.5402003	0.63569325	-0.6444955	-0.6640606	-0.6906053
-0.036382128	-0.048127443	-0.011041458	0.009217787	0.11851898	-0.14433289	-0.0063251094	0.01826691	0.081519656	0.009232224	-0.12956427	0.06697918	0.07042386	0.020861054	-0.07153778	0.024616867
-0.14825818	-0.13344924	0.120726444	0.13766555	0.13599126	-0.13350892	-0.2074341	0.110103756	0.15756285	-0.15135394	0.05627331	0.1654051	0.15213712	-0.11724528	-0.12341116	-0.12973773
0.447289	0.38844082	-0.43030053	-0.4448014	-0.29721764	0.3252618	0.3290299	-0.3332792	-0.28003106	0.4006807	-0.36216184	-0.3679871	-0.3680836	0.36119074	0.37924418	0.39167938
0.37020588	0.34285787	-0.38160405	-0.36418056	-0.2056974	0.19524664	0.37113592	-0.32211518	-0.2511318	0.35087213	-0.30192247	-0.29837522	-0.33182257	0.36841977	0.29071543	0.36568844
0.57546294	0.59673816	-0.6073455	-0.54254097	-0.4817338	0.518207	0.5615385	-0.5377482	-0.47487536	0.52172697	-0.4690281	-0.5547651	-0.58002263	0.56021327	0.5429172	0.5365609
0.18993914	0.16737692	-0.24404286	-0.2260326	-0.155781	0.13789612	0.21342167	-0.1460204	-0.1999561	0.23075776	-0.19548039	-0.14364718	-0.20698808	0.24028932	0.15444177	0.24423137
-0.09420883	-0.09473177	0.08200337	0.124221876	0.0680004	-0.14872408	-0.09451647	0.14431807	0.14321668	-0.09576744	0.028127104	0.08019643	0.15115549	-0.05459212	-0.10504137	-0.07873093
0.21682486	0.2653852	-0.20024955	-0.29142714	-0.12371626	0.13050511	0.18596509	-0.25749364	-0.08904911	0.2584718	-0.24774408	-0.22368932	-0.09939947	0.25307155	0.1684933	0.26662955
0.0108885765	0.0421034	-0.04064339	-0.055467177	-0.047634818	0.010897721	-0.00701545	-0.009604455	0.04407716	0.011315377	-0.013058489	0.027460402	0.017938742	0.037840538	0.018407762	-0.020991597
-0.1423325	-0.17321754	0.15360694	0.17268255	0.105841905	-0.13223623	-0.15588872	0.10944193	0.1448662	-0.14917156	0.12142494	0.14013621	0.18329808	-0.20331812	-0.15084969	-0.20498513
-0.25798014	-0.25034308	0.24393693	0.20374098	0.19304775	-0.15564004	-0.19526523	0.19242927	0.20851497	-0.17762837	0.15824579	0.2076048	0.16831294	-0.20212165	-0.20613061	-0.21136071
-0.43164736	-0.48158234	0.3993144	0.38202122	0.3151635	-0.26723963	-0.37270778	0.4024694	0.38002342	-0.40773132	0.2937809	0.31485307	0.41774064	-0.42225358	-0.38819462	-0.4219339
0.04520949	0.042143434	-0.018574327	-0.06533223	-0.082833715	0.014384185	0.069368124	-0.089342594	-0.074590676	0.026266338	0.008553252	-0.09320284	-0.1158808	0.05082342	0.0145389	0.03094823
-0.1989062	-0.118470766	0.12346162	0.17065424	0.10871959	-0.08376622	-0.13398941	0.12892285	0.17134055	-0.119067945	0.083251	0.085656	0.16461955	-0.18628488	-0.09800073	-0.15301165
0.26021796	0.2223224	-0.25345606	-0.2608453	-0.13581996	0.2864725	0.17730962	-0.21554846	-0.22531447	0.17112316	-0.23667845	-0.19623157	-0.18618311	0.20865612	0.2324042	0.23023331
-0.17063117	-0.18072623	0.15295169	0.12310155	0.102109715	-0.18194857	-0.1825596	0.15062498	0.12245557	-0.11264931	0.066656806	0.14589846	0.12283704	-0.18182147	-0.18752034	-0.17734326
-0.08991034	-0.13803951	0.11392344	0.08603639	0.11176523	-0.18406461	-0.15418367	0.09733715	0.12506492	-0.10939094	0.05052153	0.08881136	0.110193156	-0.12207451	-0.17143385	-0.076059565
-0.3534295	-0.41959482	0.33736032	0.36362144	0.36966196	-0.36325794	-0.33575135	0.39034027	0.38136193	-0.33140755	0.32780194	0.3021709	0.3983903	-0.35672098	-0.37205344	-0.41361752
-0.3468833	-0.35848305	0.32684585	0.31800127	0.2716884	-0.20763971	-0.3123436	0.24314377	0.30432925	-0.2765058	0.26866058	0.2333249	0.2626074	-0.276035	-0.26926848	-0.29396918
-0.122535214	-0.119526446	0.09544895	0.20054749	0.17493924	-0.20275837	-0.21718599	0.11248147	0.20267756	-0.1636667	0.07312365	0.12055043	0.17749278	-0.13778988	-0.19862036	-0.18478435
0.48231575	0.4424689	-0.3870652	-0.41931725	-0.3487468	0.39632896	0.38071054	-0.37747023	-0.33890304	0.41128534	-0.3127987	-0.3574411	-0.39052606	0.43264922	0.38523433	0.40089393
0.39389008	0.40798748	-0.37551242	-0.413335	-0.31099775	0.33440676	0.35062075	-0.32922423	-0.27185404	0.38457653	-0.30900428	-0.3242319	-0.3259377	0.3949178	0.32110417	0.34304968
-0.06379045	-0.05181563	0.07924518	0.06775773	0.074122556	-0.03270838	0.00537279	0.006391408	0.03815048	-0.05640554	0.0104968995	0.014532406	0.062430896	-0.05423861	-0.027929591	0.006761193
-0.025942182	0.0027022734	0.055603433	-0.0075159324	-0.0012743373	-0.026677279	-0.04243962	-0.016355615	0.079639465	0.023224125	0.008976765	0.048148643	0.0006283891	-0.05539878	-0.0008476284	-0.054216802
0.6564125	0.6518976	-0.58539855	-0.6285059	-0.50348544	0.45266542	0.63360304	-0.53099114	-0.47152758	0.5411389	-0.5748141	-0.54728156	-0.4993654	0.5642956	0.5506731	0.6305907
0.07137221	0.09627264	-0.10562247	-0.025887525	-0.0019384496	0.014545465	-0.0029566605	-0.05727129	-0.0271178	0.014257674	-0.09629542	-0.04392915	-0.057848938	0.021924576	0.07082163	0.10408257
-0.23432475	-0.25247332	0.13288024	0.18158025	0.13659601	-0.12557603	-0.22405522	0.2171077	0.16112255	-0.19180949	0.14136744	0.19782408	0.19742016	-0.20832597	-0.21119902	-0.17178029
0.565291	0.57858753	-0.48772973	-0.49144563	-0.40177473	0.453671	0.53155303	-0.4554469	-0.4176216	0.45118767	-0.42820027	-0.402758	-0.4869588	0.50776106	0.45864192	0.45961916
-0.33415556	-0.29309916	0.2816445	0.3585338	0.24227223	-0.19679733	-0.33347812	0.3000122	0.30962974	-0.25538298	0.16903222	0.22608179	0.2578852	-0.3070876	-0.21608695	-0.27739465
-0.32240427	-0.39694405	0.37371582	0.3447158	0.35884207	-0.30936965	-0.3360794	0.38155493	0.3804869	-0.3729456	0.26408613	0.3068545	0.35980138	-0.35021642	-0.38224438	-0.3853465
0.096660614	0.098351374	-0.10271892	-0.14758436	-0.0892267	0.08748431	0.09353977	-0.09755185	-0.08859923	0.09391731	-0.16011663	-0.13205734	-0.11219644	0.14378907	0.14620246	0.15549889
0.6942034	0.67386955	-0.66167635	-0.6599412	-0.5449613	0.5303492	0.68327516	-0.61501664	-0.5294789	0.5871125	-0.47012272	-0.5058934	-0.5945958	0.6492136	0.6418404	0.65670013
0.42113638	0.41230744	-0.32411408	-0.41005817	-0.24740021	0.33608064	0.35834783	-0.39102507	-0.29111412	0.38440344	-0.34042922	-0.2818543	-0.353133	0.36818543	0.30074328	0.31367096
0.37955645	0.40639555	-0.35214588	-0.35931423	-0.35723847	0.2762605	0.35905662	-0.3138312	-0.29851198	0.41342834	-0.36675307	-0.34221795	-0.38417143	0.3969038	0.31561852	0.36926976
0.69320935	0.6430583	-0.5827783	-0.6550171	-0.47328508	0.5238291	0.59877944	-0.58827686	-0.5319828	0.6347024	-0.5473529	-0.5486234	-0.5737977	0.62734485	0.5614172	0.640028
0.29879323	0.25539124	-0.22884877	-0.20313893	-0.21170825	0.1930865	0.17905644	-0.17178848	-0.23305196	0.21603617	-0.26460674	-0.22928713	-0.17963226	0.2520265	0.2353047	0.19641304
0.24909978	0.249456	-0.25415188	-0.23045251	-0.20482978	0.11516942	0.15916517	-0.18831763	-0.16261987	0.27140543	-0.25858116	-0.23933725	-0.19841056	0.21282963	0.16218957	0.27648583
0.5966538	0.5810043	-0.49787906	-0.50672853	-0.3366647	0.43085092	0.516629	-0.51894265	-0.36456764	0.45120436	-0.48606724	-0.43183786	-0.41884038	0.53550684	0.46676633	0.55227757
0.043467578	-0.04205146	-0.037277803	0.047997173	-0.034555886	0.002891774	-0.02773126	-0.00756567	0.030826438	-0.03100601	0.0037414385	0.011379118	-0.014996755	-0.03815256	0.023654683	-0.036546804
0.3337084	0.36768442	-0.34067768	-0.27307647	-0.27090684	0.3123196	0.32853615	-0.31871188	-0.19556272	0.33191833	-0.26574022	-0.30419493	-0.2708749	0.3178048	0.24163742	0.31529868
0.21722461	0.19990239	-0.21395749	-0.11970574	-0.04563919	0.059648376	0.1800752	-0.12335603	-0.026885007	0.16168228	-0.19441539	-0.1534616	-0.09059714	0.1715055	0.06810924	0.1292616
0.68028754	0.6874052	-0.6946566	-0.67983824	-0.5697691	0.53297764	0.6340887	-0.67519	-0.56695604	0.6207647	-0.51334214	-0.5990421	-0.57385886	0.6821077	0.65276945	0.63434917
-0.17616649	-0.25479373	0.20501414	0.26639733	0.1867528	-0.1704808	-0.2218071	0.15284252	0.17250906	-0.19156906	0.15112446	0.2364854	0.19106747	-0.23620321	-0.23466241	-0.24962272
-0.03811236	-0.016035344	0.055742398	0.017973455	0.057828125	0.030983848	-0.06436034	0.06860805	0.11373674	-0.03886146	-0.08798924	0.03623114	0.079944566	-0.0032508334	-0.020110328	-0.06995653
0.16322267	0.1360954	-0.16539863	-0.1311912	-0.09830922	0.073547736	0.14553003	-0.12501481	-0.06154002	0.15767236	-0.16019082	-0.090388596	-0.11723159	0.14814162	0.10948174	0.15803729
-0.27127835	-0.28636074	0.23084055	0.19582334	0.23981817	-0.14606759	-0.26924393	0.22179863	0.21713908	-0.21196224	0.1289873	0.18677668	0.18521619	-0.2401172	-0.24398379	-0.27790377
0.14292872	0.17219798	-0.113596916	-0.11994671	-0.078934066	0.11068678	0.15632795	-0.15760268	-0.08381433	0.11372423	-0.13181956	-0.16030006	-0.10956853	0.1479882	0.05625377	0.1505567
-0.102923445	-0.07661444	0.060600407	0.123602346	0.09998204	-0.08821585	-0.088837646	0.051284116	0.15267769	-0.058737252	0.01929361	0.062293213	0.16587004	-0.051606476	-0.055663683	-0.046004824
-0.2612104	-0.25503233	0.16563927	0.18597579	0.2700839	-0.24971588	-0.21089785	0.22748956	0.23673555	-0.24387442	0.10507392	0.17756675	0.24593917	-0.2515076	-0.28394964	-0.2440402
0.07001586	0.04370418	-0.088043936	0.0016228135	-0.0010871522	0.0525285	0.043134116	-0.02702378	-0.0032639508	0.084551916	-0.039622948	-0.0190548	0.005261773	0.040122088	0.034100376	0.06802022
0.14208484	0.102781266	-0.14820437	-0.1343066	-0.07570301	0.10833674	0.15977715	-0.16426261	-0.095934875	0.17094055	-0.23974791	-0.10380453	-0.068106405	0.10204009	0.12271047	0.13385333
0.54037136	0.55686396	-0.48323333	-0.52415735	-0.40668592	0.43799937	0.44974002	-0.5263119	-0.42597884	0.49220553	-0.46238732	-0.4774114	-0.45390534	0.49461558	0.518416	0.496326
0.055031657	0.024819192	-0.036504142	-0.058424078	-0.061783075	-0.007026183	0.08534769	-0.06680778	-0.02723802	0.0670739	-0.08004756	-0.029442072	0.0014413872	0.09885418	0.04618096	0.07898021
0.06529874	0.0067498432	-0.102444835	-0.013497728	-0.011028868	0.06621773	0.08951403	-0.0938095	-0.08526687	0.03378085	-0.04810171	-0.012868	-0.033315517	0.05530204	0.05484652	0.09408287
0.014877878	0.024340898	-0.016838957	0.0020940523	0.031769767	0.047818217	-0.06303421	0.021574186	0.032705396	0.005748895	-0.052321374	0.028125463	-0.038595267	-0.040709764	0.027214972	-0.04708774
0.09212171	0.052659493	-0.117821604	-0.10097591	-0.0561204	0.17711382	0.05481044	-0.082008496	-0.12059293	0.12856625	-0.09954993	-0.12147393	-0.05067599	0.08075776	0.065955505	0.14173836
-0.21963526	-0.20959999	0.21354589	0.22596785	0.17652142	-0.18159878	-0.20534456	0.21237688	0.16801967	-0.22683708	0.14482495	0.1505069	0.23829675	-0.23586744	-0.23884498	-0.21483111
-0.032979414	-0.018344149	0.07640603	0.07531579	0.042099886	-0.03610465	-0.01289074	0.02853966	0.04326063	-0.057863258	-0.0022791643	0.029571202	0.02480689	-0.022376414	-0.07613228	-0.007075006
-0.23095866	-0.18439524	0.13148952	0.1768142	0.122738294	-0.10829981	-0.1853037	0.13015038	0.12347514	-0.13638599	0.17021674	0.20303762	0.15005988	-0.18099552	-0.16777617	-0.18681902
0.09222825	0.017878355	-0.07322193	-0.11426819	-0.073041104	0.00024942437	0.04211694	-0.024185866	0.012160725	0.054125093	-0.104063846	-0.055731222	-0.04805552	0.07526548	0.07505236	0.106340125
0.06977828	-0.02283214	-0.00015535859	-0.032229297	0.011773869	0.07214477	-0.021574432	-0.062276203	0.01816124	-0.023284486	-0.023079183	-0.039003164	0.009669036	0.012310141	0.06527836	0.06375794
-0.4214897	-0.39935306	0.40100193	0.3716611	0.3345903	-0.31389973	-0.40788314	0.3523704	0.37058592	-0.4035726	0.286915	0.40831265	0.39143398	-0.39006075	-0.3807589	-0.4258224
0.30935428	0.26747745	-0.30813196	-0.33479145	-0.18726729	0.39388525	0.31309688	-0.29659027	-0.19461685	0.26715901	-0.33727443	-0.28254724	-0.19489865	0.27870554	0.30190292	0.27386507
-0.6789193	-0.71725416	0.6480335	0.6621802	0.59606165	-0.56579614	-0.6161823	0.6228848	0.59335065	-0.6491233	0.49400178	0.59241784	0.6428597	-0.66376436	-0.5785051	-0.64910096
-0.42203635	-0.4018124	0.3742081	0.439204	0.33150178	-0.38297623	-0.37868688	0.37292752	0.33556524	-0.43002155	0.3771638	0.3575289	0.39463326	-0.3796375	-0.40254194	-0.37795496
0.17961311	0.119347975	-0.15691704	-0.116409026	-0.08427084	0.028026327	0.1628776	-0.114335254	-0.10004845	0.13447732	-0.09359506	-0.06646495	-0.10438166	0.14543727	0.10189988	0.10233069
0.107609406	0.061600994	-0.10415057	-0.12625948	-0.05860186	0.05929579	0.120002314	-0.04205016	-0.072276264	0.041808058	-0.04875143	-0.07770209	-0.083684824	0.06281062	0.09564325	0.07451717
0.47312817	0.42513114	-0.43648708	-0.38257024	-0.37907985	0.3374091	0.39214438	-0.33197078	-0.30329248	0.3787793	-0.32626528	-0.37111413	-0.40807277	0.41266054	0.3589502	0.3624561
-0.047389947	0.040764645	-0.026083866	0.0024660185	-0.035419006	0.009644115	-0.036394477	0.02570214	-0.0011476615	-0.037177037	-0.0005450524	0.01091299	-0.04544934	0.029257813	-0.03291437	-0.045371577
-0.002225326	-0.08683847	0.06165572	0.005878479	0.0785376	-0.0055373223	-0.01907712	0.047442287	0.08338986	-0.021762019	-0.021085715	0.06821042	0.035195593	-0.046303086	-0.06822445	-0.07131667
0.6230867	0.6060051	-0.5988605	-0.66887665	-0.47840923	0.53320944	0.6072566	-0.6269959	-0.52839744	0.56444925	-0.54977614	-0.503314	-0.56246436	0.5752042	0.54857093	0.63702846
0.38169444	0.43359524	-0.34255165	-0.3502672	-0.34839925	0.35147995	0.34850898	-0.40742305	-0.3332777	0.35950747	-0.32760048	-0.32114035	-0.36810794	0.41202372	0.4081569	0.38151562
0.6212606	0.627579	-0.49239704	-0.57905483	-0.4568321	0.48280555	0.48936278	-0.5436957	-0.49358603	0.56793326	-0.4612013	-0.4929573	-0.47332546	0.5306123	0.55962527	0.5598242
0.39146855	0.35211322	-0.3111235	-0.31567654	-0.33414495	0.30795926	0.39029643	-0.37027875	-0.327819	0.3535592	-0.35823908	-0.2939968	-0.29417577	0.348555	0.2966741	0.39317536
-0.24505809	-0.25784186	0.19983487	0.22698031	0.20681863	-0.0964928	-0.19305104	0.20452848	0.24222437	-0.22592658	0.12455777	0.14239484	0.17460178	-0.2597525	-0.16895701	-0.27050582
-0.6736581	-0.64122736	0.58531195	0.56165725	0.47727847	-0.5376046	-0.57102585	0.59643185	0.53662616	-0.53337264	0.41795716	0.4963327	0.5418333	-0.5263048	-0.5466329	-0.6188342
0.3239078	0.31854063	-0.29282564	-0.32685333	-0.26611003	0.27048063	0.28573117	-0.35260874	-0.2617059	0.28860393	-0.26420534	-0.27866852	-0.276226	0.28842735	0.27680516	0.2779636
0.6452489	0.6393538	-0.50842196	-0.5977731	-0.5121017	0.4960284	0.51613224	-0.51408535	-0.5125369	0.52032405	-0.5059417	-0.48431802	-0.5610939	0.5869301	0.50086606	0.5573086
-0.24843626	-0.2552471	0.25247118	0.19570145	0.2552953	-0.25609544	-0.22789377	0.20203894	0.24055167	-0.21285234	0.1367825	0.22442497	0.28778103	-0.19390763	-0.283456	-0.17296356
0.7094131	0.7062796	-0.60055184	-0.63945127	-0.57697594	0.642327	0.65139574	-0.6421483	-0.5360764	0.6232777	-0.5633888	-0.54196733	-0.5859564	0.6554188	0.6482117	0.67194223
0.66943693	0.59689385	-0.5632874	-0.57861114	-0.47601345	0.5277814	0.57569075	-0.5378251	-0.5024987	0.61607224	-0.56784546	-0.5532205	-0.52702785	0.62461525	0.59663665	0.58119035
-0.15308832	-0.20566918	0.11578339	0.15364586	0.13081358	-0.10729246	-0.13157849	0.20376506	0.13862589	-0.12514088	0.11503934	0.13432826	0.20592481	-0.14757898	-0.18079805	-0.14758962
0.18276986	0.22512783	-0.24640071	-0.21279098	-0.13670495	0.19928078	0.19386183	-0.168866	-0.2278803	0.17162383	-0.18918622	-0.19074368	-0.24180056	0.24426512	0.2521861	0.25015405
0.25979522	0.16488712	-0.14176816	-0.18841521	-0.17395812	0.19843625	0.20593452	-0.16387771	-0.17853662	0.21391584	-0.141657	-0.20980418	-0.15679882	0.22213607	0.17268872	0.18788029
-0.024702953	-0.07772215	0.048339065	0.00027422156	0.07219822	-0.007920086	-0.0066313115	0.05748904	0.035234064	-0.015093246	0.0062188953	0.07975563	-0.0041052555	-0.06603345	-0.039880536	-0.0072810412
-0.055170443	-0.08915227	0.09814631	0.12270986	0.16654795	-0.16035664	-0.10890739	0.09311048	0.18350953	-0.048891664	-0.016230263	0.10178425	0.16087553	-0.108474314	-0.102241896	-0.12608635
-0.3328246	-0.29168946	0.26376462	0.26894677	0.2838774	-0.2952888	-0.2891308	0.24649876	0.26014948	-0.26772404	0.13932902	0.28681803	0.30083066	-0.22275026	-0.30887946	-0.30980664
0.037093554	-0.021887878	-0.06754169	0.014089533	-0.020611212	0.018836066	0.036456496	-0.058090035	-0.012048924	-0.0067924024	-0.007062448	-0.059396602	-0.043431275	0.0004044628	-0.012977678	-0.0021786832
0.57338476	0.5002967	-0.5362292	-0.47928527	-0.36314282	0.37688625	0.46786156	-0.48352152	-0.39400646	0.4830472	-0.47860482	-0.40151322	-0.40120474	0.48551643	0.44350114	0.49569973
0.023979163	-0.032775085	-0.010950428	0.06578193	0.026736762	0.07322721	-0.07434832	0.033785608	0.003927571	-0.06266345	-0.026143042	0.0006720484	-0.0336177	-0.049950864	0.0648772	-0.06803694
-0.15468682	-0.24540594	0.13555366	0.20683502	0.15945348	-0.21165988	-0.19298992	0.21657439	0.17137086	-0.18749869	0.034877054	0.2009482	0.16464996	-0.1498561	-0.23355463	-0.22484572
-0.5577951	-0.56163496	0.4949086	0.52679604	0.48135903	-0.46765417	-0.50527257	0.49060386	0.505553	-0.48609754	0.36335245	0.43406594	0.53832823	-0.45518902	-0.5399526	-0.4458709
-0.25730732	-0.27509835	0.18955025	0.23833689	0.14122099	-0.10500112	-0.19326016	0.23723544	0.23861438	-0.19451006	0.10429455	0.13377127	0.1611946	-0.17295823	-0.14734025	-0.23030749
-0.06387259	-0.014218677	0.014165141	0.07527577	0.097767316	-0.09082773	-0.08049952	0.004661136	0.10485582	-0.04531627	-0.095279634	0.04674379	0.08199195	-0.0038815849	-0.12204176	-0.035847258
0.12272344	0.14894255	-0.14653277	-0.14491199	-0.15952161	0.08079186	0.15079062	-0.2134736	-0.10036274	0.21458289	-0.19850604	-0.14721519	-0.10504599	0.12652996	0.15069178	0.1816811
0.043311965	0.038709074	-0.0077200495	-0.020405589	-0.039906856	0.08087096	0.020380165	-0.01388463	0.016562643	0.052045513	-0.026605485	0.018774232	-0.018733814	-0.008467455	0.039783433	0.0424863
-0.24630801	-0.19381191	0.23378181	0.186521	0.206832	-0.23784727	-0.23990257	0.24317715	0.21521944	-0.20493759	0.20186526	0.15642595	0.24489193	-0.23073739	-0.20971087	-0.230184
0.65705156	0.65967685	-0.61905843	-0.61057407	-0.4908712	0.47859687	0.6310215	-0.53234375	-0.5086568	0.5289904	-0.5224611	-0.5305831	-0.5550018	0.56616724	0.5553835	0.63029593
0.23888877	0.2132947	-0.28201354	-0.27840716	-0.2110827	0.11162418	0.2063211	-0.27421153	-0.16672973	0.28304616	-0.26743516	-0.2539838	-0.2264187	0.24912587	0.15792467	0.20882824
0.4380307	0.4240269	-0.48400864	-0.46763885	-0.32376185	0.40953383	0.36172205	-0.39288738	-0.34944916	0.40170664	-0.430347	-0.4061443	-0.34890172	0.46371776	0.434401	0.40185547
0.38266718	0.369899	-0.31949282	-0.3347591	-0.19720384	0.37691432	0.3640726	-0.332767	-0.1946178	0.38973925	-0.34558234	-0.34560722	-0.23131874	0.39689004	0.36231855	0.38887736
0.27753642	0.29496592	-0.29024234	-0.3056193	-0.22000031	0.18067068	0.2760015	-0.23668893	-0.14143679	0.22102483	-0.29941136	-0.22888458	-0.1630014	0.23830561	0.16943575	0.26859915
0.54905766	0.54803884	-0.49218717	-0.48423508	-0.47161785	0.52105045	0.49835932	-0.522993	-0.4584654	0.5316976	-0.47937003	-0.40307254	-0.4710822	0.4647599	0.5128355	0.48208618
-0.004229609	-0.047368422	-0.021580044	-0.010351774	-0.016683854	-0.079912014	0.02042214	0.027120553	0.066298135	-0.015599358	-0.008669307	-0.0008381595	0.054175697	-0.05612811	0.0010165615	0.023028862
-0.5267355	-0.4594415	0.46883535	0.42306122	0.34255162	-0.39456132	-0.45286742	0.44799572	0.4133205	-0.4582854	0.30193838	0.32829514	0.4237396	-0.47687823	-0.42984477	-0.4212484
-0.05816464	-0.06727902	0.079989076	0.10844674	0.09251561	-0.13806649	-0.15048978	0.1266645	0.13208085	-0.05920115	-0.023583788	0.08231699	0.1328505	-0.12838785	-0.14703192	-0.038921233
-0.045087755	-0.08088004	0.07526572	0.091260895	0.083690025	-0.07303403	-0.09053307	0.06679387	0.08609738	-0.028708685	0.010691755	0.024135549	0.13556926	-0.03310893	-0.055988435	-0.11535876
-0.5582544	-0.5895597	0.5387703	0.6005955	0.4366423	-0.4940674	-0.5987517	0.5352969	0.48302555	-0.5421119	0.38894677	0.43526393	0.5408768	-0.5849668	-0.46836364	-0.58204556
-0.15041196	-0.1761038	0.161249	0.16929944	0.19194832	-0.18766353	-0.15123485	0.1975468	0.22088075	-0.17322408	0.11361724	0.13930906	0.21807773	-0.13119999	-0.12598918	-0.14273234
0.020602325	-0.013921577	-0.013292821	0.01946913	0.025997652	-0.017339204	0.018728374	-0.004133536	0.010178693	0.014863257	-0.06293519	-0.06190794	0.062467568	0.057229497	0.032568682	0.024723768
0.39274263	0.38584942	-0.38737756	-0.320084	-0.33450925	0.31514347	0.37400046	-0.3270395	-0.35719463	0.32808885	-0.3455244	-0.29814503	-0.34752825	0.35443988	0.35068393	0.32857358
0.5508623	0.626232	-0.5372301	-0.5844354	-0.47411978	0.5209447	0.5129275	-0.56174344	-0.5153327	0.500693	-0.5045195	-0.47765487	-0.48772916	0.546551	0.5524814	0.54081076
-0.7104498	-0.73571754	0.6154489	0.63441914	0.61341244	-0.57877755	-0.61361426	0.64753306	0.6150448	-0.6129179	0.53651506	0.56933784	0.59879065	-0.65391123	-0.5952684	-0.6371075
0.19494873	0.1962625	-0.18338639	-0.21458797	-0.17714295	0.11382505	0.20474151	-0.22709355	-0.18224235	0.19960716	-0.23613198	-0.17792508	-0.11651764	0.23789941	0.15612344	0.17233361
-0.7376122	-0.66265184	0.67100734	0.6777648	0.57705647	-0.57968324	-0.60090834	0.65916795	0.54401004	-0.65550035	0.48535028	0.6169883	0.6387214	-0.6031158	-0.6246902	-0.65812063
-0.71028847	-0.6981724	0.66837573	0.67203814	0.61156946	-0.5663315	-0.6409415	0.6204755	0.6214703	-0.6574494	0.51361495	0.57717055	0.6147185	-0.59741455	-0.633932	-0.6247055
-0.5250275	-0.5838896	0.5411636	0.49598545	0.4719331	-0.49969327	-0.5064882	0.52295923	0.45585087	-0.50972915	0.34245077	0.5097988	0.51050067	-0.54822576	-0.54318345	-0.5536243
0.36089686	0.39875054	-0.3042864	-0.368203	-0.27487704	0.3729543	0.34237164	-0.32951865	-0.31254613	0.3105053	-0.29176715	-0.37353426	-0.37404767	0.31900576	0.34621653	0.33534935
-0.11864942	-0.1401868	0.15142758	0.16919576	0.13513634	-0.10501718	-0.12992558	0.09953371	0.09559134	-0.10271488	0.044526607	0.13951525	0.12232613	-0.18007179	-0.1863191	-0.14541915
0.12936984	0.09476845	-0.06977817	-0.13133414	-0.0732775	0.09476915	0.03186962	-0.102732114	-0.08115785	0.12728249	-0.13003476	-0.06774802	-0.097024255	0.10989073	0.06418574	0.033669215
0.13969977	0.15557587	-0.17205323	-0.12596866	-0.081808336	0.12612504	0.0937806	-0.10061415	-0.059979975	0.13778411	-0.115128584	-0.13847305	-0.12659813	0.17232038	0.09684806	0.14842436
-0.07040823	-0.09684538	0.10372481	0.117643066	0.12121729	-0.0790254	-0.15970033	0.119803056	0.09991945	-0.1504721	0.10206349	0.07604929	0.14771703	-0.12206765	-0.12541044	-0.16085719
0.6306134	0.61494774	-0.6378834	-0.6622233	-0.5646958	0.5966936	0.64036185	-0.58243227	-0.55711555	0.5904203	-0.5423397	-0.59092563	-0.605766	0.63888323	0.5893674	0.65197724
0.16510496	0.1550137	-0.074164964	-0.07357908	-0.08567823	0.18201898	0.15381175	-0.13674022	-0.10740751	0.14556925	-0.15974352	-0.07564661	-0.06561433	0.07806457	0.13613841	0.12563403
0.016001252	-0.00048035602	-0.04424841	0.005532515	0.07155465	-0.06379708	-0.012595342	0.03539302	0.08256768	-0.0024953384	-0.12098518	0.039394543	0.11714223	-0.025088364	-0.083566226	0.017694172
-0.19261616	-0.11635554	0.18890345	0.17224543	0.13477051	-0.052483324	-0.19587561	0.17492183	0.12822038	-0.1754927	0.07114912	0.13566612	0.12895265	-0.16929734	-0.07468205	-0.18914478
0.33288828	0.35552186	-0.28219125	-0.34675923	-0.1956571	0.30107903	0.3302579	-0.26635632	-0.16329369	0.29808232	-0.31993076	-0.30066836	-0.26176843	0.35196468	0.333367	0.33600286
0.6170918	0.6021311	-0.55498666	-0.5831365	-0.5138119	0.54300785	0.5740755	-0.5222218	-0.4977176	0.56170034	-0.48873648	-0.52976406	-0.5937901	0.59544474	0.5613509	0.6008019
-0.074771635	-0.102271065	0.12891342	0.12805788	0.056735788	-0.05646628	-0.09617775	0.07031632	0.12518191	-0.041500647	0.04520244	0.11593354	0.05478356	-0.08379336	-0.03937161	-0.11973262
0.29985538	0.3528388	-0.32645524	-0.3750261	-0.31450135	0.260804	0.33942407	-0.2797434	-0.26798043	0.31491068	-0.30412275	-0.24659602	-0.33568007	0.28787085	0.3079445	0.30122164
0.63897943	0.638035	-0.601549	-0.6487303	-0.49362582	0.60890734	0.6207885	-0.57798904	-0.5227435	0.5990971	-0.4862298	-0.5184178	-0.52790433	0.5453003	0.63165855	0.59958345
0.35769528	0.39742437	-0.32401624	-0.33392406	-0.3453802	0.330105	0.3303496	-0.37493986	-0.34679186	0.2808919	-0.29775715	-0.28726268	-0.3685002	0.2984087	0.3549818	0.3115897
0.51766896	0.5121651	-0.40837196	-0.48659724	-0.39044687	0.3814691	0.48661774	-0.411549	-0.39016506	0.39828956	-0.43539262	-0.45078668	-0.39939305	0.40592676	0.44897127	0.46350262
-0.29743522	-0.26027545	0.23972711	0.26254752	0.18465286	-0.23679617	-0.2948201	0.25101164	0.22310464	-0.19203155	0.06104932	0.2308916	0.27005523	-0.223948	-0.17128195	-0.20589247
-0.14043918	-0.21009097	0.14585651	0.14488107	0.08508484	-0.1884167	-0.12415095	0.14714101	0.09649225	-0.20263551	0.22167377	0.109763704	0.08278077	-0.13987556	-0.14864141	-0.1563959
-0.08354214	-0.10451379	0.124947615	0.16656408	0.19165236	-0.19789372	-0.123065904	0.16492179	0.18138719	-0.07499664	0.039522313	0.119987674	0.1647329	-0.08953166	-0.18298393	-0.07780809
-0.28290766	-0.35258895	0.27458587	0.35136193	0.33049548	-0.27187917	-0.34032854	0.29925033	0.3111967	-0.28647372	0.15036468	0.3140298	0.29937437	-0.2835648	-0.2814629	-0.2805455
-0.5794122	-0.6111906	0.5196633	0.5221636	0.46156502	-0.47988552	-0.52212095	0.49463332	0.45731863	-0.5646606	0.3949146	0.45192602	0.48693773	-0.57281923	-0.4824689	-0.5808652
-0.58258015	-0.5384671	0.56917673	0.5802386	0.46791926	-0.40133774	-0.59842867	0.510368	0.47331753	-0.5259505	0.42459884	0.5004936	0.56359375	-0.56691945	-0.546822	-0.5298691
-0.51734096	-0.48537675	0.42367908	0.44812354	0.38102055	-0.42449024	-0.4666982	0.44331634	0.413294	-0.41742015	0.21236464	0.36595887	0.49186638	-0.41888502	-0.41330096	-0.44547564
-0.19292311	-0.14171192	0.12581618	0.12676056	0.152751	-0.13715783	-0.12865235	0.19179705	0.16014364	-0.11111883	0.1668496	0.08547439	0.14282748	-0.12933393	-0.18081592	-0.15556255
-0.42981985	-0.4010248	0.40335882	0.37620384	0.3287108	-0.30342534	-0.34383312	0.371289	0.33053476	-0.380681	0.34656185	0.3153271	0.3233737	-0.3474261	-0.3774581	-0.36989975
-0.25919667	-0.30755737	0.26035056	0.29365015	0.19505258	-0.120718166	-0.3062189	0.2655313	0.17923774	-0.24331288	0.19652362	0.2622064	0.21721847	-0.26006338	-0.18755426	-0.21933338
0.27759352	0.3388164	-0.26252225	-0.27547413	-0.23188668	0.15553854	0.26199615	-0.28883877	-0.16706719	0.29198632	-0.27219146	-0.27016172	-0.19139084	0.23810594	0.2154021	0.28090647
-0.18403098	-0.2012146	0.13320057	0.12373174	0.11865092	-0.07472323	-0.20994346	0.09394068	0.1247665	-0.12071803	0.14845471	0.08804115	0.10932009	-0.16260357	-0.090835325	-0.14818518
-0.2233522	-0.16345493	0.1458924	0.20799349	0.20944893	-0.14802381	-0.16333859	0.2223569	0.17706975	-0.19635235	0.17336585	0.16131395	0.17277071	-0.17201848	-0.21477973	-0.23278947
-0.46036208	-0.4218844	0.39966765	0.3936339	0.37133247	-0.31745073	-0.42642224	0.34771818	0.37896535	-0.37263972	0.19670807	0.35098436	0.3992602	-0.40128374	-0.36327222	-0.38484332
0.15196696	0.105350964	-0.10680209	-0.13692074	-0.07082973	0.19710532	0.10167754	-0.11470517	-0.050033085	0.15918079	-0.1549847	-0.08418243	-0.120661125	0.1109785	0.08548488	0.1163173
-0.32112044	-0.31208897	0.24209431	0.27757907	0.303334	-0.29900283	-0.35900193	0.23795158	0.29605803	-0.32986456	0.124419786	0.28566608	0.3115454	-0.33721122	-0.25657946	-0.29735783
-0.02817858	-0.11432307	0.060652655	0.070530705	0.108047	-0.08602976	-0.11256098	0.112847894	0.10799195	-0.12198277	0.059604008	0.0413309	0.069338635	-0.09990847	-0.021134144	-0.035008125
0.08916821	0.099758014	-0.06688462	-0.09158346	-0.0015235803	-0.038586825	0.11624219	-0.018288476	0.007771702	0.11888087	-0.12174647	-0.09832461	-0.057060454	0.058500234	0.02166412	0.04809502
-0.245069	-0.29332003	0.21960124	0.19619483	0.20081982	-0.20677896	-0.18002167	0.20613097	0.18527423	-0.23281367	0.21065561	0.16060108	0.2423756	-0.24770382	-0.18517017	-0.20551793
-0.14417367	-0.13771693	0.055073142	0.07684068	0.097569294	-0.16087691	-0.15702493	0.092283085	0.17999189	-0.08730864	0.023825835	0.060093302	0.17136706	-0.065380275	-0.11572719	-0.099239424
0.057708632	-0.020335449	-0.03222968	-0.0585149	-0.018370641	0.011855284	0.01602324	0.024872325	0.011617296	0.006765786	-0.046464015	0.029644296	0.0064198636	0.017635027	-0.01815911	0.03909089
-0.005493713	-0.027928758	0.042010035	-0.021059413	0.014039228	-0.08902219	-0.011130377	0.013488209	0.005541303	0.035402644	0.04571838	-0.008248745	0.023294274	-0.05348763	-0.055025246	-0.059275586
0.041281678	0.069995254	0.02673404	-0.005972668	0.07088459	-0.053918738	0.018297872	-0.006580672	0.04148964	-0.027841816	-0.10510643	0.0382525	0.053175084	0.013144948	-0.00234832	-0.017371332
-0.2768267	-0.22024114	0.22389743	0.20545803	0.2486679	-0.18591277	-0.22553399	0.20323268	0.16577321	-0.27265614	0.23034205	0.20583259	0.23888728	-0.26825997	-0.24380088	-0.2102553
0.07539763	0.07506343	-0.07074785	-0.08768304	-0.0022398133	0.00021633976	0.08838605	-0.092622675	-0.0037283897	0.09329684	-0.1092206	-0.07817007	-0.03610243	0.11544332	0.036355563	0.09085286
-0.32060158	-0.2652065	0.32563335	0.2708583	0.29607368	-0.34861204	-0.31538892	0.28747925	0.2911768	-0.2373125	0.2775989	0.26842284	0.24565823	-0.31597045	-0.25848663	-0.28996307
-0.637602	-0.6559577	0.5602409	0.6180249	0.5018063	-0.5175801	-0.6359436	0.5640924	0.5671033	-0.6100507	0.43027538	0.5094047	0.51769185	-0.53411293	-0.5610318	-0.64043546
0.14523453	0.109202646	-0.13652258	-0.16028817	-0.13414118	0.18610905	0.113402456	-0.138748	-0.10311041	0.100543365	-0.115198396	-0.061981257	-0.13376671	0.12227275	0.15733634	0.076868825
0.28716812	0.31704292	-0.24750781	-0.3216729	-0.18566935	0.25834048	0.2484255	-0.27207658	-0.24551648	0.3198094	-0.26791278	-0.2648303	-0.17833248	0.2723243	0.29004568	0.34991336
-0.545299	-0.6196563	0.5131723	0.5191338	0.43345007	-0.5168758	-0.50275993	0.52856165	0.5460863	-0.50079894	0.38921764	0.49225646	0.5137148	-0.5439287	-0.5328102	-0.5483661
-0.29345208	-0.33051187	0.25418612	0.25933406	0.24919946	-0.22667783	-0.3227412	0.32577163	0.24503188	-0.26350445	0.29881117	0.21706104	0.24131736	-0.32220906	-0.30491054	-0.2596
-0.08484555	-0.10443462	0.15125965	0.16387616	0.14820129	-0.06640169	-0.13574205	0.124462895	0.15961307	-0.11140223	0.11957164	0.07684147	0.10110433	-0.117228724	-0.08015579	-0.10580469
-0.16207018	-0.19788347	0.12510075	0.12191873	0.14554155	-0.15221986	-0.14784901	0.09253113	0.17675236	-0.096277885	0.016798466	0.16409057	0.12839264	-0.14204116	-0.1415533	-0.1330371
0.39864984	0.3835539	-0.39381453	-0.3255873	-0.28101665	0.2988679	0.3694184	-0.38916782	-0.36465216	0.39079207	-0.32267722	-0.30095592	-0.32148245	0.30424926	0.3045072	0.39422944
0.046022993	0.032166578	-0.001898985	0.032587856	-0.035615925	0.12276533	0.0010852406	-0.005013709	0.020058542	0.0071434863	-0.09812059	-0.016750889	0.051898442	-0.030970179	0.05691313	-0.035863716
0.05051111	0.045346044	-0.048602656	0.012751086	0.034832187	0.041047115	0.03201586	0.02139185	-0.010184628	0.02417541	-0.041805867	0.012213488	0.013149541	0.010312979	-0.023484793	0.039759997
-0.062450904	-0.13565245	0.098478466	0.03870902	0.120005585	-0.12553269	-0.13101885	0.106957085	0.0685686	-0.091245584	0.0470037	0.064280584	0.115081765	-0.058105193	-0.096544534	-0.022915425
-0.046774257	-0.056575533	0.068866834	0.013624955	0.0072768982	0.010879483	-0.03934901	0.05441504	0.07802799	-0.037409775	0.0659696	0.04143589	0.07081523	-0.009320331	-0.08608636	-0.09157606
-0.044968028	-0.086228356	0.080035046	0.03143995	0.07627319	-0.10258065	-0.0497458	0.050903063	0.11873992	-0.09351484	0.04469097	0.07144545	0.1393576	-0.07252639	-0.104747795	-0.036617894
0.172842	0.16704004	-0.16044246	-0.10990585	-0.09597838	0.1733964	0.1449051	-0.15132341	-0.11630308	0.14331248	-0.14315513	-0.15122968	-0.17999978	0.14978047	0.10019005	0.18486893
0.050605096	0.10314986	-0.10994066	-0.10684344	-0.052433323	0.02894062	0.038344774	-0.108039714	-0.05994141	0.10628641	-0.15007935	-0.09301136	-0.016234167	0.09675114	0.1143675	0.08220242
-0.5585675	-0.5711338	0.5330141	0.5215562	0.49730685	-0.49264973	-0.48703167	0.5406845	0.4565795	-0.5116662	0.453473	0.44923088	0.45922366	-0.46566275	-0.5315535	-0.46583462
0.09406909	0.07477934	-0.024317162	-0.08865645	-0.09339372	0.05284594	0.0077129863	-0.08504442	-0.07537582	0.014312803	-0.046934284	-0.06442382	-0.09316375	0.040085416	0.10168761	0.078735106
-0.36341652	-0.36516702	0.3567412	0.35541844	0.3527692	-0.29579097	-0.36298552	0.32238606	0.3145142	-0.3540312	0.3173657	0.28068048	0.3379793	-0.33424735	-0.30379727	-0.3556559
-0.5635128	-0.59567785	0.5214161	0.5021665	0.45825496	-0.4007038	-0.514982	0.4694792	0.45980766	-0.5418163	0.4195588	0.46398395	0.45324126	-0.5324091	-0.5059086	-0.5415773
-0.4810387	-0.47415665	0.4505206	0.47529748	0.35450158	-0.37256557	-0.46306145	0.4418064	0.3789571	-0.42404357	0.250971	0.38862228	0.47065717	-0.4517448	-0.41141024	-0.48266146
0.5757463	0.50553924	-0.46883896	-0.5205442	-0.3707662	0.41464978	0.5403902	-0.48045614	-0.43040976	0.45570713	-0.45473486	-0.4375929	-0.41340277	0.49098498	0.43225077	0.50662875
0.54075205	0.53394556	-0.48483402	-0.4772423	-0.41906175	0.44643092	0.5224406	-0.4308587	-0.4403986	0.45297194	-0.45984203	-0.37868223	-0.42693982	0.42102396	0.46604976	0.4688481
0.2342026	0.26355302	-0.14143166	-0.21562997	-0.12910025	0.15631744	0.1630849	-0.18178216	-0.20162505	0.23695056	-0.11659167	-0.16903335	-0.17502354	0.16790038	0.20253995	0.1593769
0.04979524	0.100087315	-0.1366154	-0.0674896	-0.039418794	0.088751055	0.10354647	-0.12116793	-0.06550219	0.06365244	-0.03115734	-0.113526426	-0.10437841	0.10966414	0.05058949	0.06837816
0.62964654	0.5755143	-0.6009261	-0.555628	-0.4809121	0.53859466	0.58817506	-0.5876522	-0.50131977	0.5759838	-0.5556063	-0.4989148	-0.5264761	0.56537724	0.51158476	0.6067672
0.00087677717	0.013682528	-0.073934175	0.018592132	-0.022395905	0.028758114	0.07631557	0.019641401	-0.014506713	0.07063532	-0.014227104	-0.022488415	-0.0074624536	0.067630075	-0.019452602	0.075062126
0.5346033	0.4500026	-0.42881677	-0.46912605	-0.3882331	0.41556382	0.3928461	-0.44283572	-0.32403728	0.43331516	-0.4329891	-0.41687754	-0.3870483	0.49367943	0.38716117	0.42251888
-0.034360316	-0.030354599	0.055377435	-0.014899365	0.057250246	0.0071490696	-0.049616963	0.011102542	-0.03198641	-0.014053171	0.009250945	0.003179875	0.055317685	-0.054982465	-0.0042928993	-0.030544734
-0.26155508	-0.33678544	0.27545053	0.26081404	0.2069489	-0.28998712	-0.29486403	0.21833456	0.23405917	-0.27974036	0.13476948	0.17922403	0.336609	-0.25877044	-0.26215592	-0.26876956
-0.3596254	-0.31978098	0.27334046	0.25897792	0.27954796	-0.33295745	-0.30397674	0.31571227	0.36720333	-0.26030028	0.14815353	0.25962472	0.31655473	-0.25842693	-0.36030582	-0.22904555
-0.17412463	-0.2485071	0.17138717	0.18411627	0.13729616	-0.24720608	-0.15508117	0.22896862	0.21176055	-0.1687817	0.12660955	0.22339584	0.18560722	-0.1516843	-0.21677224	-0.14439286
0.315719	0.33316466	-0.3624154	-0.31860992	-0.24139693	0.26472697	0.36046544	-0.25473374	-0.29266086	0.2697668	-0.24714446	-0.2937062	-0.32970855	0.3042088	0.3215677	0.2749899
-0.034560617	-0.115423925	0.08776169	0.11565858	0.07551691	-0.035456683	-0.058128975	0.038539205	0.014440039	-0.04843031	0.05076192	0.035637096	0.03959798	-0.061333466	-0.0193309	-0.1249136
-0.54124206	-0.5833927	0.55132926	0.5629186	0.47923565	-0.46332964	-0.5587858	0.4902114	0.44162443	-0.4875189	0.4280854	0.4370154	0.48485035	-0.5402826	-0.47662795	-0.5400062
0.29409352	0.25359103	-0.24334358	-0.21116404	-0.24807388	0.22296157	0.18588454	-0.2003457	-0.26641825	0.18882744	-0.19585466	-0.22114056	-0.24294017	0.20234738	0.24442187	0.20966135
0.3814295	0.34800136	-0.37415674	-0.38141623	-0.37023157	0.335025	0.4129648	-0.3883826	-0.3817721	0.36074895	-0.3063729	-0.30204326	-0.31140482	0.3489537	0.32301068	0.34008032
-0.22891782	-0.24223039	0.19651344	0.1407282	0.115809515	-0.1250266	-0.14612243	0.15628654	0.18071488	-0.21437107	0.13089152	0.13341466	0.2096308	-0.14035596	-0.16983263	-0.22185782
-0.20652954	-0.2352271	0.20593081	0.22659485	0.1908817	-0.16122523	-0.16472074	0.13765316	0.15189134	-0.21360694	0.14479083	0.19104935	0.22651505	-0.18754224	-0.18488239	-0.24219969
0.026874559	0.036529034	-0.10122413	-0.067980014	-0.0011216764	0.056437314	0.029217793	-0.06597854	-0.047476582	0.09012352	-0.08607671	-0.051023897	0.009352772	0.021453718	0.087140694	0.02421979
0.5977909	0.5782607	-0.50039876	-0.57473195	-0.43284962	0.43246573	0.56166834	-0.54570216	-0.43659332	0.50709337	-0.5156677	-0.43763682	-0.5218768	0.5609488	0.463235	0.5624795
0.09712093	0.10357033	-0.14945765	-0.15563825	-0.06744921	0.05045252	0.0854576	-0.1088754	-0.040010642	0.07445075	-0.13327657	-0.103385195	-0.030343853	0.07666268	0.12794702	0.15246728
0.287268	0.28951657	-0.24415132	-0.27682883	-0.25487044	0.20345066	0.25740585	-0.22117381	-0.16552185	0.27807525	-0.26911166	-0.27242652	-0.176938	0.2596425	0.20686649	0.24766374
-0.18148877	-0.09592034	0.1484225	0.10569216	0.13384733	-0.0878296	-0.15044545	0.14424695	0.13790345	-0.15990601	0.085048325	0.11942686	0.14165688	-0.16920666	-0.15107727	-0.11561477
-0.11135844	-0.16777487	0.11085019	0.15940274	0.15286614	-0.037768163	-0.1783672	0.091482684	0.06326649	-0.113342054	0.117947794	0.0857825	0.13868155	-0.17010753	-0.1411128	-0.0887873
-0.31488493	-0.38739452	0.34128577	0.38811803	0.30696282	-0.36190805	-0.31135473	0.35689867	0.28385845	-0.35486016	0.24703825	0.3028406	0.32110134	-0.30788863	-0.37470376	-0.32506442
-0.5992334	-0.65728486	0.59767854	0.6021252	0.55370194	-0.52779424	-0.63425523	0.5678208	0.50307167	-0.6069559	0.4619198	0.51095045	0.5726651	-0.6003497	-0.6000459	-0.59628296
0.55864066	0.5259499	-0.52012956	-0.5452882	-0.38598096	0.41631043	0.47077948	-0.45786795	-0.4452259	0.53030854	-0.49278152	-0.43506637	-0.48252526	0.52003634	0.47616735	0.46610385
0.063252136	0.066336416	-0.0006470298	-0.022410376	-0.05359301	-0.01702931	0.068421006	-0.03016503	-0.064935215	0.0019119886	-0.015280719	-0.03602856	-0.007950791	0.039568126	0.013515798	0.04503437
0.14324129	0.2141647	-0.22604997	-0.2330288	-0.1831213	0.2331969	0.1345753	-0.2148635	-0.11436924	0.15257603	-0.21668896	-0.2144437	-0.114648394	0.22017913	0.23361637	0.21504946
-0.088478126	-0.05889833	0.06996055	0.08603157	0.042094868	-0.07692175	-0.08144636	0.031618755	0.06831605	-0.02122507	0.029780075	0.0070875236	0.10049185	-0.09780602	-0.029410947	-0.057704885
0.19884175	0.20552497	-0.118588135	-0.15369642	-0.10484484	0.13194731	0.12329688	-0.13294855	-0.15339014	0.120908014	-0.15570366	-0.11827106	-0.09540146	0.12420062	0.16436556	0.16024005
0.49532053	0.4387124	-0.3670953	-0.39468396	-0.3783578	0.38731855	0.45418373	-0.43104815	-0.35112417	0.43386123	-0.36336237	-0.40020815	-0.42276198	0.39284852	0.4437818	0.4557634
0.562193	0.55136347	-0.49924555	-0.5085469	-0.43092334	0.5313634	0.4890127	-0.48014098	-0.42525634	0.49600148	-0.4081836	-0.4997952	-0.45374638	0.52979356	0.5026108	0.5649285
0.051473834	0.10305287	-0.096948236	-0.115583725	-0.025041277	0.046358455	0.08411026	-0.119612925	-0.015936421	0.10877646	-0.1470134	-0.1064277	-0.03506971	0.120936	0.09480245	0.13561903
-0.5549646	-0.5431053	0.5311041	0.52131754	0.5097692	-0.4164784	-0.51734406	0.5540535	0.4338312	-0.54494065	0.40665928	0.50109535	0.5485638	-0.49771002	-0.50815487	-0.5247196
0.20862634	0.22628516	-0.21402653	-0.18915439	-0.15026437	0.19384885	0.15764722	-0.20914648	-0.19173613	0.17398235	-0.19341215	-0.23246834	-0.104549035	0.1736277	0.13918515	0.2126258
0.044135384	-0.027717942	-0.039955314	-0.013590382	0.022440527	0.012247602	0.041955516	-0.030380564	-0.017812097	0.04111445	-0.012930641	-0.046163164	-0.0046328143	-0.010609663	0.007982212	0.0049564173
-0.104905926	-0.12935679	0.14870523	0.15966599	0.13993742	-0.13148028	-0.08915806	0.07716594	0.12279691	-0.15490669	0.05483469	0.11302376	0.18831691	-0.124586955	-0.14791743	-0.12524049
0.36774877	0.44276804	-0.3241224	-0.43109614	-0.2870658	0.33534953	0.38143602	-0.366775	-0.33182544	0.33656743	-0.27881908	-0.36780345	-0.32665962	0.3905741	0.34120786	0.33051482
-0.016837623	0.0031336087	0.0723664	0.08838495	-0.0062396894	0.02009159	-0.0052049104	0.05453038	0.0552411	0.0041420776	-0.0060125515	0.045854654	0.054682266	-0.08274265	-0.074832976	-0.07289196
-0.51803994	-0.52988136	0.4417305	0.43494773	0.34671402	-0.4403991	-0.47914606	0.47916698	0.3988563	-0.4563171	0.3104618	0.3530789	0.4890076	-0.49868447	-0.43340442	-0.46244866
-0.37638405	-0.40771273	0.3315175	0.3682265	0.3514665	-0.32335824	-0.36624923	0.30746394	0.29639152	-0.33272937	0.18144348	0.24550004	0.3050049	-0.3528713	-0.36741677	-0.324867
0.044491235	0.02833023	-0.030298812	-0.06246336	0.04627578	0.1324289	0.040893625	-0.047238626	0.031277772	0.08051476	-0.15194103	-0.02213138	-0.047128003	0.096722536	0.0635188	0.09855362
0.1567217	0.1422397	-0.071720116	-0.13700905	-0.0839953	0.13159646	0.12242809	-0.12040255	-0.14462087	0.07627529	-0.06529583	-0.084828645	-0.12154961	0.09069264	0.08602643	0.058431
0.18132088	0.17545559	-0.121417984	-0.14704703	-0.102434784	0.14960362	0.1590798	-0.08579314	-0.1539967	0.1131441	-0.112424664	-0.10623808	-0.16260687	0.14567792	0.120259695	0.09495116
-0.4086614	-0.4516055	0.3430683	0.42559612	0.4034012	-0.33696046	-0.4220367	0.3988182	0.34631065	-0.3588032	0.17486271	0.29043463	0.44683835	-0.35408393	-0.4117334	-0.41211182
